"","gar","gar","gar","gar","zebrafish","zebrafish","zebrafish","zebrafish","medaka","medaka","medaka","medaka","stickleback","stickleback","stickleback","stickleback","esox","esox","esox","esox","central_mudminnow","central_mudminnow","central_mudminnow","central_mudminnow","olympic_mudminnow","olympic_mudminnow","olympic_mudminnow","olympic_mudminnow","grayling","grayling","grayling","grayling","hucho","hucho","hucho","hucho","salmon","salmon","salmon","salmon","charr","charr","charr","charr","rainbow_trout","rainbow_trout","rainbow_trout","rainbow_trout","coho","coho","coho","coho"
"1",35.8344017549272,35.142658969764,38.7951286392446,38.3717882242295,54.9415658658937,50.9250153469534,46.6857330793469,43.7785920188463,20.1208324011735,19.3186283324932,20.0481987182612,19.3908743744082,9.6083261026407,-7.42960571384458,2.2103378327878,3.80994684153836,12.5746287920301,6.546794054973,6.44848268393684,14.3044407899481,-0.963493973822727,8.27560252581043,-5.05364240224087,3.46778294413599,7.43095878615262,10.3542369257703,9.37915377063423,10.5418607011252,4.67788402718407,7.01648716674265,1.65623737847235,-3.5066416619182,1.54341641466194,3.2524096000025,-3.5356175677845,1.19807366778236,2.74626807028738,4.91111186570714,-2.43700581327952,-2.56398612190846,9.21410939430798,1.14238229709005,5.03356717838013,2.59879435611012,16.810368005477,5.53224340527327,12.1748174913182,10.6248296457067,10.3464105961651,10.294831090123,11.1127839197122,11.1078971756834
"2",55.6968853377045,55.8935931635439,61.0285516460373,54.0767479457155,51.9569681510509,48.8283423720386,47.6964094989711,49.887395997469,2.50823431248129,3.2781726177283,3.21899633751113,9.409531071317,14.666104911667,16.7393444926945,7.00638045712054,12.0069518211581,-1.51847155994024,2.47515583289712,-3.66335250615199,8.6780835268574,9.05588878816377,0.187994040625981,3.68504158907577,15.8982324678969,8.37244892775779,-7.4881858421206,3.91004987287486,1.89079584672279,8.22148433394357,12.5502955618825,9.82946749171634,20.2594752331058,2.96836268591965,-3.16128049929513,-5.085654769062,-8.84052346699538,10.1032227685238,11.2176919355351,0.171311307570049,19.349668810227,10.6786389738618,1.59341141698274,5.61960309584453,19.7481650945791,22.6855795354068,14.140740941797,13.4294588955582,12.1789248373167,16.2352670803329,17.7275734354189,8.5222258897227,13.056203148179
"3",59.0610156135352,48.4855897384682,51.9176266007848,50.8571448668266,43.0750390028401,48.116960758027,40.4358863789691,42.3798970639713,2.96074604802233,9.86141567642816,11.9369462953153,17.4127647125565,-1.22182054198849,10.629825997744,1.25600486531461,11.2852126171332,8.05611673276102,6.09811229468066,7.43618189616203,7.83648110321293,-4.991988639707,7.05586242849678,9.15276401966247,4.58168809907242,12.70646481042,7.0830896191234,3.01315299561484,-0.194735738377625,0.52154620761666,1.85596300567917,6.76921070396812,9.39885714752137,1.29197308881411,-2.1501090229115,5.54325865731429,14.8032756419246,1.05085997328328,2.25259654488759,-3.45951899159277,-1.76116669136995,-4.09559586188408,-2.37763006060059,-5.72409619285994,-0.438206866449359,4.58090994624462,3.84453493568584,6.30135519500554,-0.406792952362701,0.387637845226405,-9.237009113491,-7.20505983878395,-0.34778033182868
"4",55.0805491840134,60.2367217599808,52.1799260533673,46.8790244423827,36.6155349046781,47.1554587955983,48.6395756377526,40.1039734205875,-0.608221641440115,0.761297958672411,0.231799504012941,0.258870655437018,8.55790678349122,7.36518871754425,5.77363953764876,12.919559307507,2.02726123151939,7.43865445156925,11.2473471864239,1.54364075097019,4.0415278042928,-2.81175414447713,9.64388443042245,-0.305188187121012,1.3392683858197,8.98696529620303,2.96533911748904,1.46878770407887,7.69915959856522,2.1437804283316,13.3793019053057,18.3641973686894,-4.50976005910045,2.32355749226532,-2.31495653479601,-3.66372315904121,6.527959686496,5.5688686496547,8.19135698395534,11.5766291302177,-7.57175069777757,0.27217373272528,-0.988043919325244,-8.97004873241989,3.93164474716933,0.640738730686138,-1.88404667291136,0.700640698526739,5.32269652946524,8.36020476698621,9.98890132103815,10.1377348158693
"5",51.7656098509711,54.82707545143,49.0559012530754,48.0637688697435,52.530295180843,51.9969612046957,60.9946705227258,57.6275916998787,5.97781119027615,6.03710975856437,7.14650702173053,7.23803691763708,9.87583721308275,2.45520632759178,-2.59130297546276,11.9481631599019,-1.72933973634481,2.23587767760845,5.56072626988036,1.54472433576033,16.2681861254876,6.10298766492048,10.0290674946686,4.54293309585742,6.70966065467447,3.27469654589826,4.7098197928401,7.67344989180522,10.0064953989513,5.08433339028718,-1.91876502578418,8.77876934500011,-3.69752970455568,-7.60483629935299,10.7018030157017,1.96277522070732,-5.0095619503604,4.9023361933752,0.442777281732742,-2.31847216145614,-16.9706695771545,-1.69075211308483,-3.01912337811972,3.68478391699983,-2.66217734913197,1.70875707505867,-4.07586715440687,-8.69373395108264,-1.7821608212076,6.00283738272627,-1.10974467753251,12.3979273721586
"6",41.8088750183717,45.0013267444935,45.8297861416104,50.8054050615936,53.3083328992856,56.204928813796,54.329623445716,53.8399272320281,9.47633503219641,3.84762214595165,6.52913277559535,2.40471347660906,-0.927872834095314,-3.0666029214945,-0.808645503325676,5.8620900796974,0.413871428457781,-5.7517487569799,0.145797623384424,-4.58717617680439,-6.02109098092821,1.75441143734537,-3.23102388486403,-8.82830862780988,-5.5553427465612,2.75227541596301,-2.49830508883457,-0.469152674793725,3.8695259946666,-4.80460534046423,1.97651598066528,-0.627202338532524,12.9496211987016,-0.585895540577581,13.5271602771304,14.3370865316705,0.126791912736273,3.28248729924449,1.39606305727362,1.43144970792702,-1.04873835442426,-2.64562144414084,5.83409471856199,-1.07561610510546,-2.48683331931796,-8.46557168364736,-2.62956245684678,-11.023265401439,-2.58513353737525,-6.76224401483254,-5.43742058077299,-9.05387114559684
"7",46.2899815736733,41.8424841824481,37.0388182237405,52.1597844676789,46.7331944109699,42.1109124057948,42.0864532617664,44.4931404590509,4.00140804052652,-4.73199472356133,-6.26562921736877,-0.608702063241918,2.51408741520756,5.6213180138779,7.48289632341844,7.31729328779022,1.98903211864036,4.90423686057302,8.72115016762124,9.22344669262501,-5.21290194075249,-4.18715256723986,-0.65582292838322,5.36943246543769,2.25404349716996,2.20089686523164,-0.354158362708969,-6.59616761696919,2.88676333164195,0.535759968317594,8.36955165844432,1.07065328147645,7.29172179542016,2.78480387156633,9.16996248578545,7.34920777978394,14.2219524573301,14.5758608853957,8.37909014708685,11.8728523795398,-1.89948278710972,-3.36032291308963,3.00926083453724,4.53449395903765,2.16876262392436,14.281196159948,1.73469101982345,5.05135030323989,10.6049476589351,5.42865595600263,9.12066572741695,14.4904638377013
"8",55.912659986918,54.8059513549142,59.9143726589224,50.0756087323519,49.5639854592642,46.9852331202313,51.9358451296609,50.8013840551363,-4.35549744015605,-7.27675205030353,-5.87575363858315,-2.53403816430728,-1.76475888629975,0.0805399734572001,-0.948767473478592,-0.268906210627216,8.79680286742987,5.59200440620182,-2.06114513508309,3.86699073199031,9.26563470683421,4.17828438543235,7.92808255269753,12.484306698469,1.35963461821906,7.59059569168705,4.61335129869998,5.58384635471594,-4.91219536482838,6.72538576504433,1.23925480658443,-7.75034794979861,12.6418890103096,19.4461815227841,9.14948400396061,12.0437475929004,7.53794216295586,14.299089234969,13.2148006853346,7.61605601793042,1.86035222951627,7.65868435529138,-1.31212017149765,-4.88597166571465,4.97937029768553,5.13778055080463,-5.85824017883269,9.12975023175277,3.4480323828279,5.53184397721279,-4.77837931320327,-0.215276213728407
"9",54.4174907193616,44.5053441485592,51.4479792663555,49.536569894147,52.9233741073978,43.5551831913635,47.9205284927867,44.1950788336992,0.461378102307392,0.767007814536528,-4.390777477034,3.96647568229364,2.5760321604145,7.4209329883555,7.83757075273139,4.46899398617974,0.106871828267932,-1.17659149674823,1.60920540286573,-1.00919415815489,-2.72643068528327,-3.94173745234714,-0.436638873518334,-1.25121570405685,0.97214488930988,6.35207533272062,1.22843044416415,0.806094703998443,3.86410866845169,8.42253796712815,7.14511780686123,11.4730165420193,6.79811152446334,-0.72355167495355,5.47959105995593,-1.37547045689173,6.4853799498281,2.75731058785405,4.56515660872592,3.76253247677066,-4.11871975539905,2.79968289222656,-2.16997361419884,2.25204189808133,-3.17905740313976,3.537073645163,0.388287510071645,0.0546381107296519,7.52952201819077,7.64849239318988,17.7838881615937,12.8611080852277
"10",54.4201345940823,51.8571311912317,46.3609248385782,56.3150624034275,63.237982487635,52.9554721212453,50.2440753197432,57.077902880754,9.29823721881722,10.872909504658,12.2277913739057,15.4398311182072,12.6754193555029,11.7272749171584,14.6163711983592,22.8190867230079,-2.52477261082859,8.46583310928266,1.04106124948706,-4.0075214086611,1.77660783790686,8.01975986254038,5.80510115676406,12.8564106382815,9.83349015242869,5.7068944647257,-0.330702629876283,5.83813781305273,15.7406431967007,7.13365501192809,9.27792337027033,18.200962604831,7.58020285495278,3.83213535681066,10.2071655064195,14.0726694124644,6.56989483397674,13.289694312112,11.007835946289,13.7562679727733,6.12028626726877,-7.60296903435275,-5.57462933934427,-6.40865765011931,-3.73214705026384,10.5134699397166,-3.9598475779427,-0.401544916544851,5.13488557338505,7.10840347490631,8.35784842255689,1.38564138726529
"11",57.8115942426807,52.020791333978,56.4611339294132,47.779955490915,45.3275617778139,46.2426461428315,47.6596809637519,37.7095554546187,22.8310523317459,8.24457604258284,12.8704135746114,16.1366651265021,10.6718837712389,-9.68047938511179,2.17241966956751,-0.131159391742726,13.2015268955019,12.9876367289484,21.1879986822106,13.5361543811661,5.80405739973567,-0.114199796623655,3.44359060232514,6.23629101823045,11.6758148848133,17.989156303026,17.2071357528621,12.8958735714607,4.03430234027365,3.46682530816931,0.0188831459316452,8.33509465101265,7.5538375373051,11.3894198448806,6.88691262772186,3.19464887458592,0.0115600468880306,-4.69867595074366,6.0237838977018,-0.0471008031466464,5.34471457507685,-1.64037960964787,-3.16649219210679,7.70123552160742,10.7414102867683,10.5892696160674,5.59819832761297,7.16078665795816,9.21794710442292,5.47121074224054,7.11005894200254,2.17111025316762
"12",50.6837733033702,49.1892276394128,54.6374717797101,48.1515669230392,53.0232476922018,50.3658519607429,48.2227110565574,50.7832997692044,6.69825113960585,19.7435356253374,14.195866448141,9.34398786122365,11.7918535783935,6.01353585046042,0.904993665100409,11.5737815061835,5.11629000648171,15.41100003681,6.16130762317386,0.52901679049122,11.2330113745891,6.68730893561711,0.830284933914538,5.47043461800868,5.1075764910794,10.8530396779472,4.79469894366456,-4.05125119895082,8.07558473875902,4.27193012523207,7.29575875384611,8.93793877287256,9.12953832106873,7.19601073682887,3.8370301465856,7.60810657468779,9.51178592846073,-0.262032738371446,-0.162895961804828,11.0652358493114,6.5735613089591,-4.17985697723046,8.20200350998057,10.0433381254258,3.20906775519751,-0.590635052844096,11.9242090957273,-1.05855423387213,-5.36460327556634,-1.47740371760558,2.09706666751621,-3.8422960467963
"13",55.5983561915612,56.207532644498,59.7056393573538,48.1211083355094,51.6341277172071,63.1206775642132,60.0721972043682,62.3320538877323,-6.062547280093,-3.85986433346857,-1.48953753117525,-5.58657761988515,11.245988132012,7.95091227660664,5.53761352523198,18.7480248333292,-8.22657701396507,1.95843766399699,-3.70557509470247,2.37997015653285,-5.53901885408083,-3.53233548847351,2.5737085380086,-3.63377333781679,1.17872286500816,-1.40042058443028,2.87100748539766,7.2927988508618,6.18776365393128,16.4886398784985,9.50235460508388,11.7660587006427,2.92901823374932,6.9441901275401,-0.380640347595972,4.25232190811834,-2.80574177880669,3.74863159155412,-3.20741783983468,8.00715064838161,11.0711961663389,2.3913860848375,9.52099014726451,8.29113073682822,9.66298617521784,1.78980822405768,2.14443226459075,4.97492235546967,0.99761200202351,2.36480520194066,5.32211702900021,12.9922421570092
"14",50.4437481433457,50.8079226316938,55.5687309057038,51.0332040504261,43.3640926288997,39.1141509073168,56.0903365716159,48.3457379239035,1.12062134428799,5.06547973474084,-0.386685901505274,5.49479570464464,9.71157007054342,7.62883003177621,9.45997493709503,9.942802138611,5.08400344668919,0.837960707281341,3.05997067310794,12.8506448973308,5.86717456942975,6.91255214782873,9.37516368971947,12.9240381505712,2.21919284173556,5.55449998608301,7.04294647129609,-1.48501587861684,16.5075792875149,16.7824362128719,20.6885523955763,13.857322830266,14.732374098472,15.5078734782639,17.3893481538156,10.1157340992146,5.16299695523047,0.881985041155025,-2.73572991382064,-4.09021157380117,4.87082663855897,2.46935705701913,7.40899033254585,-3.62991134828067,-5.17567681501301,-0.951144027511904,0.508404839162244,7.93245688871107,-1.62492107522395,-9.43710506606365,-6.85400351819242,-3.08303462779665
"15",38.8545051217857,48.2677290762958,48.8985181481886,49.7350083054085,57.9538172205897,50.102084292926,63.6597181127227,49.5521078810655,-4.31286855193718,7.01982168560746,-1.63939976405347,8.26706619204773,-1.32576889382736,-4.71933970329906,0.615116052182546,1.46619511894249,-3.41703145684754,6.42804317065142,3.44220358765307,2.15902482334701,-8.46155125427918,-5.08004650352863,-7.12509878665301,-11.0862977706821,2.58909909061345,-1.10259618912524,0.48352237955705,-0.980728369394678,18.6900776582907,11.6498377824692,16.1038454786204,12.364981068354,-1.09906064606575,7.05155394212634,-9.77086038454463,-1.68894080997304,4.63677224450328,13.2113809097996,12.6870513521081,1.26297567173752,3.99449196249712,8.36419664970034,3.56764810188194,7.77959988484202,-2.78597199545365,-1.06463771770696,1.95555961241365,-1.63992749770626,11.7284379731459,11.6622039396146,12.8868855351954,9.29522899261431
"16",46.5188805950033,52.2139798684868,55.0623339993154,54.2191156351356,46.2190992478131,48.5042422981268,57.0774709247285,48.4632951533225,10.7521765594814,15.6194880845915,14.3442475839056,7.25028191311211,3.4595770230661,-0.525791984714787,-2.3625892669336,10.5507069710407,10.0239558029312,2.53082309780044,1.67235413810906,0.207679097066006,-7.607864875472,-1.59771421160062,-2.25108450511734,-0.911984423825976,-2.2416070315398,-2.72511842871249,4.60664402439809,2.18363049576591,15.860719066828,14.2052675566532,15.5381820488183,11.4409807731395,0.88575495642779,0.254471359188035,0.702484316588083,-0.235146800221204,3.3386340611842,-1.93090824880039,2.76407018208612,5.41239975768184,-0.112162810476134,1.23997105744033,8.50501450870876,0.433278732875388,0.93020474142534,-0.338690757300483,-6.02452473282009,-1.21548812029578,9.76642963732695,6.47348821718067,4.30754048489873,3.01086875113445
"17",41.951967866973,45.5907203937761,49.5521201675836,45.0485323067196,51.6064935057614,52.0805624192676,51.9287778433493,47.4783804034672,-0.55085972771818,-2.75014874204034,-3.29400551065067,1.4063730047779,2.28586787174375,4.40721460581117,3.3814026305379,0.31698359730742,-3.97588152985365,5.47824160834586,8.20768664641489,16.593098699468,9.0058818599687,0.883898566935876,-6.20345333670266,-7.06742840164871,14.7283141764991,13.4564789076607,5.0681558860701,8.91594842742188,3.8285854495533,9.37141690493893,4.77075554894962,10.9850920857746,-6.25234910916893,-11.0572186141724,5.28587331902295,-13.3003882896963,0.709178505646017,3.04056421410164,1.22150017709266,2.34050251469454,16.3503587898306,25.0515412115993,20.3857281732153,12.8357496505001,13.5075215934267,3.53503658411936,10.078168041386,-2.6262384124433,6.55975736267858,14.7101716378158,1.8757960858317,7.96995185977767
"18",54.0574425586978,54.0657367751637,48.9301480722659,48.2636111412091,57.2295744844034,39.201619273093,52.249042587646,52.7039986821431,10.9649366843966,9.52876706779578,8.10950466671009,9.05440299639338,-5.24166699224323,-1.67495036471961,-3.08556759291991,0.444878181655599,4.66251391766198,6.90072754093997,0.924848605056809,1.74503232036758,-9.09237175594395,7.71905924996878,11.2680276920043,-2.90407422746758,11.4386253526989,0.819298181276898,13.7920546134886,11.816170062052,10.4414829752035,19.6831918706577,8.92280759637966,8.74826677144623,1.46547032239746,-3.16946080445298,5.08925588697601,3.72659396389439,4.55574290964555,6.31986044526897,1.30120700471582,12.8590986145391,13.197142280275,2.28834867795436,8.78302676937016,9.67438289084328,9.86827184563806,15.6878893118016,7.16326473188489,0.530293848086117,7.07946956502287,16.8288198965551,7.86065303195039,11.4323450370618
"19",39.6864798118596,49.2655957314798,45.4542605798321,39.0625449518907,43.8467779440662,40.7681259487319,44.0527268555429,54.1340509827898,7.69237462836851,6.56213888462482,6.96411612999625,3.7610230059923,4.52716953988241,-0.288743283482336,-2.08531913903241,0.8467322267149,4.22051470443295,4.9225048783628,-0.0141988477628168,-0.749673322891894,-0.244406839161819,1.30106044582642,-0.180574447244358,3.26716261951027,-1.53732282958086,9.40031733836047,3.47409589298948,15.494351724898,11.5617848442887,7.90679272129905,1.08740923522637,7.74972688967061,-0.67450929908787,1.76794449023043,8.39773013386105,4.43423848357299,9.09425599978269,7.27564389824529,2.75978873162607,3.63846531683484,17.1966413107703,18.9644995914611,20.0559095806972,13.8331005876255,4.90383247482607,11.1529507147251,13.8864962718662,14.3131589999015,15.2245715032011,17.1042604007614,9.09209688178084,3.77905273020389
"20",44.9653873020797,46.4676612478376,39.1949129358113,45.7210078964687,45.4716518586621,48.5634225990167,46.0037520926489,51.8489900098163,11.1360325868198,24.9433027446485,11.2002886634022,16.63179400299,3.18918907694425,1.14136362491239,-0.617609782590709,2.24586752992669,16.9102875509397,11.7744242848188,4.93015563620743,6.73295391783693,6.8041730252526,7.56627261914575,12.1449773348872,16.0338996563607,5.34042331309562,4.05976667235072,8.96240321654318,7.33477348276033,2.35061463569976,6.82325060709309,0.438589727207354,-2.41186093579503,0.355443409381279,-12.124253386163,4.50368882963374,-6.97273550457974,-4.19481590176862,7.41052423908385,1.26341515532649,8.53017357769096,3.16844372559504,12.8895298329216,-2.38733479289201,19.9157211728217,10.9333814282537,8.77049352821059,10.7525709102678,6.78551586739319,2.15322433852578,-7.87257190784167,1.289885395877,1.06280465021547
"21",51.514212963117,44.4757406465436,43.3406688492441,48.3064464341342,52.3850591361051,49.2651319127313,47.9656954961759,51.9384813129066,7.52934675568202,13.5430485148164,15.2199237823171,15.7023883442769,-6.52994214289931,2.34574388670884,-8.75986224142537,-1.18669364913337,6.6830665455955,4.32689871571356,1.65001620365596,2.79399875700799,7.2727374787965,0.138736773323445,3.10579763947908,-1.57579350714579,2.32228878868683,5.34824493597613,11.4520121461245,3.41331313505946,6.2338545344854,-2.69158517245256,11.9596985680571,-0.753400384416063,9.21502556410032,8.32196164297811,4.53744415142881,9.88259773826468,16.4519104190021,11.9128561042828,19.0122651245689,13.9990568643417,11.742258381813,13.2224597153032,10.2427434240442,4.0063710694716,5.47201392758136,10.7588498243284,-3.37121708343066,0.40677388202268,0.414388478821047,7.39330459735606,0.492385056492159,6.80259281896662
"22",38.0009494922835,44.0443446779945,48.4980299822269,50.7136939352683,40.8512550506973,44.0566180481056,48.6303846183162,55.1025310961003,3.79720436497276,-7.28149279834672,9.41210997066425,5.28522620469989,12.3346251817488,4.46862296306379,12.5753426989834,3.73893005002083,9.10645352681735,7.88398429084675,2.71056807966059,4.67901803701048,3.31010304017804,5.73413883146816,6.68730873432323,2.12824129164717,5.36126465365737,-0.742372155434937,-3.82500943576779,-5.73010428492539,15.369185615701,10.7434754009924,14.436453054255,4.26975234617831,9.51263202464703,9.59202178783385,10.9171007849341,2.65188213822859,5.86949833209219,3.68349599510742,12.5487758646766,3.68893551151145,-1.07925543162868,1.14555088127775,2.21714629323123,2.25414166674736,0.35212340965889,6.42147813366313,-5.171894599935,1.11837181826661,-5.40633401748886,2.01581491049975,-0.542575272347158,3.71016839963628
"23",54.7060555835125,55.6488469061751,57.4069794783837,63.0867092605486,44.8284153127062,44.5524439963394,41.2310423503437,37.3519400395332,-8.27781918605507,-2.79052907360303,-5.51174907555929,6.73403245703743,14.0103882443663,0.776198429266739,7.61581755103287,6.65599792997124,13.8390702360357,13.3333457241438,9.85947713567303,16.5109596342043,1.03401039681776,2.41395352208614,7.1981614176258,10.4198495715792,-1.30256894308397,3.25741684771657,0.983021379029775,2.0294527515706,1.44230858717265,7.02516534476529,4.16954907929577,2.13922173349686,2.81436785314658,9.62789808731955,7.96559680962066,9.45005715036016,11.6355208659145,1.08261099962568,8.67621076941248,-1.33198640463563,-2.24491811320975,3.63585857654705,5.22966565712786,2.71635516372095,13.4236498212237,-1.04815454485217,4.9581814394129,0.0980236267289021,12.6408963846945,7.42127384130004,4.19404017297157,12.4469504866532
"24",43.312086105017,51.6810532680827,40.136675275315,50.9077654207068,47.7883368843287,43.8405405451206,52.7305135740265,53.8089883248059,10.204613398571,2.40986717354797,7.98494355388685,10.3844440680186,2.75148578002497,11.2578242728167,5.34282503706098,2.3188578602193,5.31914970166202,3.86558806828179,2.62283917308357,3.83109670536901,5.69677892283466,2.4419614244871,1.79216633496816,2.71371156060145,5.76508446319124,10.1167190448105,6.84289734151222,4.96110273783691,-12.2476093525347,-8.8745630429796,3.68810138791412,-4.61998881371795,11.7828418415232,18.0364124598993,13.1864077015431,11.6187924582981,-2.8454246261586,-8.18308613897837,5.03161814408913,9.34541541861642,3.5366259238898,0.0592944066438514,3.87915498916423,6.30241464918771,10.9557836565119,16.9667379356302,5.09161297723262,8.93791916009134,7.27588288484711,5.83362478059423,11.7590655339519,6.14930921974489
"25",53.0587674813231,51.5813690418282,45.1494732832812,55.3658981047609,44.1620715465606,47.8314016879403,47.5541094669935,39.5816533103036,10.9030053605748,-3.44027433040783,13.2987239559211,4.71839997257333,5.30802481505806,5.26673028455082,-0.500533728199947,-2.4936684246867,1.17334842148717,2.45059426098941,3.84417810082582,-1.51661632970865,-6.22923962971957,-2.19390660776397,-0.0335358496476958,-0.804293887574616,-12.7198326718744,6.6316115455748,8.86150697039465,-0.237557871588187,4.3339052446296,13.3611598114425,7.61846315660347,0.11814694817943,-0.542146422613764,1.34557770299914,1.43865900615002,5.79753236636682,18.0090487406175,6.15665406931498,19.4168158768212,9.40972228489834,7.51266132763025,-4.16243757423896,8.02425167662937,3.45666091874251,15.0717765226167,12.9414356875059,11.0974486818141,10.8333423324903,8.2201679684938,5.5904461273016,9.76999220839713,1.93235414104281
"26",50.5310920079513,53.3854634810507,47.7772616676585,48.9131483761491,45.5275517495302,47.8025797893996,46.6985772699238,45.0883648686874,0.353444568645972,3.71309519840904,-2.67116577743305,1.88331815289921,-2.91165633526594,9.09068273145826,-3.71519598214718,4.3479565491139,19.0239963782447,10.7212640101816,2.91830194557551,6.78005985546882,1.37603551550653,4.4820462306284,2.26180739250235,12.9481994751709,12.4695190651021,6.94242077701339,8.81473738139256,7.10035326049354,6.37632351759912,-3.68614251902663,9.822188774098,7.65614806217555,-0.148758721042378,2.58559645337477,4.67787802868993,7.26015868015629,-6.45413359900853,1.3227749537738,-1.2892097721939,-14.3300948732452,-1.0910026460879,4.30177381331009,6.66781991766368,11.3348175291838,-7.49502171817159,-0.10177191087182,3.45445035629493,-4.65012780932287,-18.5699022199463,-4.75886009733625,-1.92774144025289,-3.75581810488119
"27",49.1403039018775,46.8037625973048,38.4068757278924,46.7053320201289,49.4093876030858,47.9433730366895,46.6536949091452,43.5773022706291,4.31874520741916,-1.09854797162456,-0.553173312878503,-1.13766687857334,5.41252639828807,2.02527983255038,-2.31449720932664,-2.39480716239908,-1.35167235957273,12.7251778502586,13.6765803664817,7.63625481766515,8.57318918317841,1.20920686237551,7.0810616389331,6.25854604920742,19.0543249916939,6.12006338071243,4.62164183191631,4.70366266277654,10.1757953603043,0.0346326723558468,-1.8937542661977,1.76670841256912,6.24360833684213,4.57238885380431,9.16180796828284,-1.00163784602873,-1.69734667384842,-3.65492194053444,-0.806411304682549,2.72334052238938,10.4237116983441,7.06407774299712,2.95121903639412,3.2123797003215,2.16194337570098,9.38114094907766,3.13426774893082,7.0127469528894,0.775905397807233,2.65983494744626,6.68151591705897,8.8247489077349
"28",51.8157249022762,56.6645806558965,59.6771157833818,50.5531408101184,44.9998548766563,50.4079734710356,44.4617997633406,43.0900745696658,4.43897690959179,3.31603477356408,3.27921692940299,-9.84127280271808,10.1261355060851,11.7153846358072,-1.11025598726979,4.2993771717065,0.106943509858745,8.85355647192696,5.48527019554175,14.745604211652,6.77378671253661,8.58511679887693,13.07709643706,0.507745265326848,2.8007940882749,-6.73504513782926,-0.283488781708784,-1.42248893670095,6.48362768955992,16.6486512244509,12.7988008109717,19.1860025750567,2.33549429245873,-4.99402532600511,-3.14848021772335,-3.68861851466477,9.17562094044941,3.7546783331075,8.96243908503521,16.2450364766409,11.0012478754078,16.3358780713025,7.6821075398029,18.1828412969442,5.20230500049936,2.87335035754505,6.37880404664251,-1.18605258859583,2.80959190036622,3.35307363692455,11.710209317976,7.61723940082942
"29",54.5633245141779,54.5153493795628,62.1827384629793,49.7352382053276,55.3365058941232,51.8064489388757,49.6332314291838,50.5384013120273,2.91507914507883,1.02348584127539,3.16324620577253,0.678122746522814,-5.72352566191299,4.22743482923693,-8.24721785322038,7.42357730649254,1.98715293408748,5.74901045284623,3.13149463904535,1.03505322340989,6.63956589564555,11.9677020640571,7.29249227934831,13.6046579125656,3.68326384415228,4.87702819947526,5.99944562827165,3.74935064338558,4.38794202273068,0.532158972517903,-4.65851769920838,-0.0152533185375114,9.72569195099224,3.73351271867898,5.37812328249219,11.35873163362,4.8088505994771,4.59568970041196,13.9980401938984,10.1537443313488,10.9748396460217,1.54699823854415,-3.7988332070302,4.47975935112308,2.83867252263819,12.7675711255397,13.6745920004651,6.82100550483301,6.17778621902278,4.22392591803963,11.8812128043716,7.0389633069678
"30",54.5968453861415,51.1967064501677,43.6203825908771,51.1849276244801,41.4029659284489,45.6189381261326,48.3859432279637,43.6419587653077,1.3645217875038,-6.02364840862636,4.33156091590322,8.04466069621965,-1.26272305522326,3.02468669548993,2.38245369719568,6.94292218215113,18.3615475091436,8.94341116531163,9.92067044321336,13.4414778875016,12.4363615129462,8.45113201472438,8.55178033208861,-0.492035614216063,13.457354149837,10.9897999342643,8.07889598160987,-1.60881836203077,12.0931795113821,4.26195867037617,8.51977650269712,4.1635761865048,4.59603520765275,9.84605489280373,12.3818737780647,5.88973999888184,2.81420787697885,8.15070320813377,1.121992476488,4.21919828095777,6.02031883628588,2.8980822740113,0.744609311395859,11.0760970885351,13.7264818766798,7.85541477925948,11.0861238789253,6.41764308704693,2.87037822888902,6.2545377065812,2.22600972379576,3.13108060621659
"31",51.8427817334712,37.9510965556592,40.8755171682506,40.5201923821912,54.4854971144333,48.9948318705045,50.120894248767,55.917636104446,9.42914240793125,2.74531230927643,-0.706672907961653,3.026645211171,18.4903155533955,5.01968367132514,11.4392615978696,15.0955073826415,4.02266406600888,-6.9253166301107,-1.32553389286785,6.02582918364767,-2.64748188661244,2.68648560052032,-0.555388841118133,-5.1811122184536,0.312078246654983,-2.12146608065174,-2.60106654648016,-7.44757799864341,7.73284800692618,0.411424047116089,2.69608923460815,6.70199463491327,11.5206474733493,9.71281067901874,4.00232334898252,1.59872144919116,-7.1172626392666,-8.86975242895147,-14.6420998434153,-5.03968549698564,11.3237478167355,6.71036492093686,18.6996714216255,5.79514822425673,-4.37256948951635,-15.355767034852,1.80242137531023,0.305740411667763,0.212872153414152,-4.11056485266216,9.83306053694667,-7.04693459491671
"32",51.6386281641983,52.319907288334,50.0629298332715,57.1552730907742,61.4785956818332,53.416742777557,48.0981501345521,55.3580829365403,3.73593245487721,-4.28678024903716,7.99401207676212,5.49933687156172,1.70289826119098,7.08582621654742,3.53779342060293,2.90421830644144,5.72345475421579,10.5849342713215,10.731096895156,9.6348933324324,6.11609375973933,5.75047013243331,11.7444305659236,6.08612014288235,18.5221811833391,20.895868652741,17.9001111726489,20.3284381076006,-4.28848046950469,-7.03774619827203,0.291570121758863,6.24978105667494,-6.71479867655749,4.62475372422792,1.65735297051974,8.07025866591279,18.524550952284,10.3712660506146,7.42844226834128,7.22938190207929,-1.15308362044307,9.31357895411588,5.09963684758311,1.49738696486251,15.0047173114587,2.59279615192293,16.1100383340448,9.48451606679931,8.85682412550441,25.3636639115553,19.2556404480012,12.1445966976963
"33",49.626805192726,52.9979828083249,47.1386312501125,42.6351331683645,49.7735813040799,39.3256185727101,55.3857770036225,50.9804016202343,-5.5173934101733,-7.57183441855718,-2.25331646717957,-5.10847915853327,1.96101535620693,-2.78458431321581,-0.98327373128931,6.56064222811626,1.52492488068726,3.23439081717039,14.6603626744181,6.93200454246796,11.3026711215678,3.05242960074527,3.2660822915295,13.757192762637,13.758344642709,6.76421344744777,8.59644379374777,8.06573657225656,14.093590841141,8.66695829425888,18.5466329541521,13.487649171989,0.8669544017691,0.0814032718952937,-0.0292426578650371,3.34816561762896,-2.01181563011481,0.22005576567334,-1.93362206328912,8.33670397635011,4.56022165791989,4.66600154464494,2.99162204278641,-3.95782917147978,-2.31088904154321,8.66031608696702,6.9699513925711,-0.0273528895567603,4.05668395946473,-2.70548002582241,0.966819579576783,11.289454422732
"34",53.4829161427529,54.7966788475337,49.0818479602728,47.5278759353333,50.8074047265888,52.3188948673007,44.4724791062499,43.8455262702504,8.80919720583748,5.61241542280471,8.42320700923007,-3.54783156201871,8.51857926748575,0.925149107934086,-3.1946901761055,1.6511370591279,4.9163514472647,4.76755840222289,7.68542817793899,1.71712878556814,0.446045881334814,-4.70166819426386,-3.70366225166431,-2.5470378710185,5.97494725485863,-0.921649202310715,-0.18070197263917,-6.74756211922962,10.0654400683833,-0.159541934757607,2.14947400880739,9.49854067951518,15.3001890036474,6.36767014117026,6.82678133637021,1.39189109777327,4.08456446154595,2.09358807352314,5.13487123024836,5.67277663371634,-2.37345814302215,8.2021594229432,6.40376326153945,5.06069363394473,0.764368637585958,5.51516858741314,9.24145016969161,5.5080091196451,-9.15814823943616,-1.51428484939577,-5.7483110883408,-3.49852052231569
"35",55.3902345195041,58.7535968604076,47.4521744869328,45.5385011904919,61.4189295586619,46.3250606429779,49.866804941863,46.9672322880238,3.20869483336499,3.81559306196959,2.946713818646,8.93423605087307,-1.26249994942261,3.72888573342392,-7.33896835885581,-0.331903326002079,0.276420850669432,3.11364475250322,4.75930672858197,2.20055391285981,0.317140275602807,5.15940541287337,6.44262636673839,16.572598342587,2.94541124276601,5.87051353672823,7.37938781382445,-4.41962159351032,2.31276423341875,-1.01006962276359,2.48811141612299,-0.915985742729886,11.5339635777975,17.4687384030714,12.6864128699944,12.1653921155645,3.11638516725026,10.4325889650121,10.0611899423467,13.7456400934382,5.09861996621738,9.05383005244452,3.06836204106263,4.81760611432765,10.0411324507372,4.64710965905647,2.60477675030406,-8.67767184702351,1.85971776191163,-1.22041942407367,-1.6086783804451,2.67345885985514
"36",56.5110045923849,61.1405551430615,54.3476621819139,53.1407893447305,53.5777539750349,54.322422779183,62.9673641450618,51.4882743558425,4.60949317745113,7.35824630522625,1.63279134938661,8.31359633277428,7.47739841540396,10.9558782571676,0.82964574392793,3.60546150681549,-0.64581055144208,5.01386484083473,6.32336725300919,2.08178583761771,9.76158994263218,11.3917415804478,5.68783935344302,6.52199392478425,1.62963512153256,-2.07906205735977,-5.49907079231577,-5.75113826751981,6.10223413181136,1.80844636200728,-1.83708692113749,5.61812070143749,5.46392997701662,-0.461993529323936,11.5605737789496,1.98853846615836,-3.06408249118603,3.66248041673041,8.08376221329847,7.87816986929419,1.22872237401697,7.89873865669056,6.74934219729378,4.80776661546137,8.26314104609764,9.37724530553396,4.06425361678603,9.082932271666,20.9476984436721,12.6912968692355,7.17524985539118,13.9895384357334
"37",50.6862232091145,47.5841127559743,53.7929917570795,54.6892874151157,52.3332993936504,53.720885149302,62.2981231077683,53.9745153864239,7.18703139569649,8.18245347101287,0.265889993913038,6.67478678106511,8.48592875923795,9.81611577724742,10.3944751577306,5.96585924826677,1.16001346130279,4.30591392080133,9.87791510745507,5.28345231995625,5.85415182790982,2.63412394636162,3.05244547205154,4.02515428576497,11.4731260971464,6.99900677872503,2.59297577296207,7.43190320719884,-5.36458068448788,-2.66809723003394,-6.48638650458602,2.1743123075615,10.0645905694289,9.51828621729803,6.02112806154134,10.3988283933842,2.46407704285338,4.7982094453657,3.39879706559178,-2.84424276150149,-1.34269901186536,4.69972199804516,3.78231325615481,-1.00188645370175,10.9695237251723,7.10036493463249,3.28061493685158,11.8162999983156,17.7306124387633,4.36664916563608,14.5475356360081,12.3149608536656
"38",51.4428572792254,36.6205575097275,46.5728675206709,47.153249620178,51.7034127297937,38.8714730318844,37.5059231634552,41.9445379115842,-1.91243225361575,7.06754049490473,0.136489815509524,-7.80744725827528,2.58650098716972,7.04872758485437,2.17364207680047,7.3698625706149,-0.44171753001935,7.38654459602021,2.52824499915007,-6.58823923887919,8.3367522054885,4.85650288719848,12.834767954581,4.68302923918113,-0.279005585290095,-0.797822430826606,-2.12202600164259,18.3767509682101,10.4143974384186,12.7221262286242,10.3478364853868,3.13770719302077,1.32036216567049,-0.543845781025868,8.96874022807473,2.82915608349059,-4.48229319164324,-0.918454664684769,-3.62192717459066,-5.89977400634494,9.19518053090337,4.54168924351477,0.882982448359534,4.08593545982382,1.49167314153301,-0.23013620721954,2.00748400049949,-5.69698942380006,5.93335452405015,8.55566457500498,12.1169852513573,7.85748668908301
"39",59.2023294701387,56.819102096492,53.9662252715707,52.312416893659,55.1622385438655,38.8433592323402,51.9704376214121,52.6823161034506,11.7323319440008,6.74393744157828,0.296900370067033,10.0009001095371,6.61764578391937,4.55920728617495,3.24889622425114,2.49993474420718,1.146969849164,10.5195248061261,4.81565969379531,8.38371857593093,13.27064635994,9.57734680759553,3.88935697889181,6.95012659196917,1.40173520863367,-3.74794906772823,-4.22687196895691,-5.2034998445478,-4.0617042814758,0.743824703516408,1.50963774647622,-3.60010739192765,7.56385039417745,17.3155757777772,18.9086253766924,10.4375619671285,1.29697837070018,8.94937385505408,5.50000399364771,3.19745007520821,5.96628722666833,16.4680817956509,8.09251675183842,3.7139001069677,18.4022740002478,6.9775482138182,5.97510691559961,13.8046087750958,13.7023481197255,0.302846431461347,9.39953309508976,8.54906524436581
"40",50.8556405404223,53.9450077304993,62.5963278300119,53.6879215835331,54.7717454353948,46.3260016241185,44.9850664810327,46.7743984710567,-1.2716614311203,2.38606955795019,6.43931497192344,4.68841148041436,7.77177052545089,7.80427028232907,4.21277402398207,7.9738983348697,24.8804322493044,6.66159351502322,9.23862962371756,11.2733472546881,11.5754008318711,12.2625360813009,-0.1642835085587,11.8941269034754,7.72650766319036,0.663828718080991,2.76417075498999,4.19895656855465,5.4686206864508,1.83599239967371,1.26716432809886,-1.53731178302488,14.1228651563589,14.2059805640791,0.231347690380349,6.77731547612869,-0.752113796169061,-2.8041800034848,5.94541300350372,-3.13569493424762,11.3014168283014,5.75207968591176,2.71550925893132,4.35668131752681,9.08421561754305,3.48115436121188,0.954116745215019,4.24999319509086,9.39641004931329,2.87232542982301,3.22538885358054,9.28529146095794
"41",54.5970180826695,51.2330614037996,65.233673025177,46.3320872932776,62.7637420925463,61.2730372293941,58.0720272140107,58.7086141711659,-2.82657472296075,1.24578642867771,-1.85099622650473,7.64577019087729,-6.65820704278957,-4.56625370843652,-6.2435432266149,-2.94370767926809,8.27823316015758,10.7909273804024,12.4050113015607,7.93947277858882,11.1771312994867,4.94317806862076,6.28784568372948,5.02767984965629,8.07090865985893,1.79369154959196,8.48847573610928,7.75985257449137,1.24509193408786,-6.36297014344458,-0.219611667104457,3.36843839366418,10.2782677213168,11.8934941596597,-3.29965449180182,0.867100270543093,-4.0329265589446,8.02229474950658,-1.73769749199764,9.44636447029394,-2.58892217649722,-4.75663779249257,2.04115696426129,6.10143085888676,9.14600060821169,7.65097294977792,-0.486274299011068,2.80377837138877,18.5251499543161,21.8233296474639,10.9262121730181,7.8427536686155
"42",50.7792872847304,43.2665294209679,55.4284439727029,55.9987164340909,51.416425186372,44.6679303661473,51.8324917172797,45.2315888357189,3.75609813376058,7.24248398558465,7.11371123705898,12.1202921260703,2.72636058480999,4.52517262051922,5.22473279725748,7.76266903714304,6.80355713806356,10.0002640096466,13.7068366526442,17.1891299638925,1.04511638878874,-14.1894745369341,-2.71531588406959,4.16191598364772,7.42486876939452,3.79026683374728,7.47583690907776,16.4424929911794,0.231864561057123,-1.48401409580265,6.72282812195156,-0.649241192405539,13.0990297257014,9.19111043759973,4.59878363087924,6.80796857028695,3.7462109875466,-0.0603159959965707,5.36097551639264,11.38891920349,-1.75826358206462,9.67378045661124,0.190553475516878,-2.16147900431585,-1.31069987984744,-7.28354696154545,-5.40492395194101,2.45513758216207,1.9627550893872,4.78276857084355,-3.09330712054343,7.70007848711455
"43",50.5500651626605,58.3042886572596,51.2947955568666,52.486522082556,48.1768267060726,57.2792964790526,56.7975482703138,62.2203596270165,-0.834162898487977,3.4425834990345,-4.21178929380657,-0.561329592882391,0.660330386842968,-0.898370685833367,-0.799974196617835,-4.46436204162895,-6.55878378866948,1.33719520171011,8.70592134531405,0.202690571894106,-1.29562888526053,3.1777041853051,4.3049333171552,5.64335696045694,9.20527185769636,7.26882058732767,5.84078248402486,19.7987701933725,12.0584537537951,-0.311142594129626,-1.00813250789785,0.859667957566622,-11.975700881957,1.42487329537953,0.648395974376268,-5.65021176968007,7.28388678290536,9.23984474618635,15.5590851211781,6.55774675340046,16.7588562101451,10.1665550437253,3.68097211718513,8.1688794373644,5.15113474619941,8.80154797541895,13.5214991527112,18.360327682555,16.1446465351113,12.6330569480265,21.6918687666356,10.3152488278573
"44",46.2514524367664,44.800562674728,52.814211675032,49.2700858230158,54.0349991939365,49.2265138108331,58.548424225009,51.6354410447928,-2.0866986009584,9.68089671708732,5.57967587075751,6.66119429468752,2.90373946360869,4.58819845693476,10.3687529205481,1.96417091389944,10.7695185018996,0.253759256154338,1.68377226350428,11.9349800820902,10.2664998646153,-3.3407988808206,2.90822550524834,9.20271864214603,-0.881767803801132,4.11093484437414,-3.36213314822397,-2.11750440674998,8.72231853284193,10.506411295273,1.81517368373477,5.65174246213813,7.0900451437988,1.25592428456658,-1.07875981334282,7.35600463127241,1.29656095405872,3.00082934947894,4.95942405653768,-6.10913306098248,2.90908274010896,-9.73497415098494,1.97959450938773,-9.59623809187344,3.9927930000884,4.12166181736662,5.66811141107739,0.913964419545903,-0.255497381866452,1.46669772748324,4.93267757894635,0.888782158172557
"45",47.097713479719,52.2431205099675,49.1479876549855,43.1875316318377,51.2808283522064,52.453101106651,40.9307077187277,48.3905358379936,8.75040144441803,2.07396332842841,0.739871445930422,3.42103327611544,9.83550147251084,0.1531989434292,9.8715324443369,12.9719101178379,2.08909358273702,6.25532681462061,7.21748063491716,9.87015787617252,-4.05330815734757,6.71677755242511,2.89639919397862,-5.67266574160062,-0.983587075222107,4.65756383040248,1.94563609879872,-1.62020529385051,2.92661794218223,2.06622516854724,4.46313235149604,16.7238547824669,18.9164762352722,10.3556263371176,12.5663028583146,14.1803087244015,14.8159968850591,1.14907992624591,9.44616342076791,8.64171108400565,-0.985453924778348,6.26545553148343,11.4048674389189,0.620864439605677,-3.16713816021124,5.21369125154925,5.8865685393261,9.96470222358926,4.91820282297615,-1.38657228451604,-0.66650868920483,3.57442421816117
"46",54.4750278317785,45.180047528983,43.8028437428202,57.2655517056882,46.4897520827564,47.6762515070485,46.9916793229221,39.7519514216336,10.3487441212832,8.48071986682979,5.31632267020107,-3.51957926924349,10.31691157476,-0.949988091908386,17.1398722378509,1.95612651847646,4.60257208913163,-6.06312135933089,-1.91050070088816,7.77731271571007,-7.95465655535422,0.00599737406792755,-1.24115162225412,-0.95367022552856,9.19528783461537,13.9605834035694,8.00956888043182,7.36698178720964,4.1940619938081,-0.527551342186078,-0.225622845931869,0.669982191884659,8.05336123745602,4.00678123885613,3.97153362377117,3.72860937203227,-3.53748155263084,8.15355124268333,-7.75434050635852,0.806410901281939,12.0668624092478,20.415294512967,13.8197618661299,9.78552206129077,0.660517467317495,0.239801008395006,2.11209310410488,0.338006604806855,-3.37576292379598,0.275693145697849,9.84088010387207,-3.33261430402687
"47",54.9890340432307,59.0195120984632,52.9068514075812,55.0640714504298,52.8851390466597,55.228994588473,51.6108873947158,46.770327268562,1.30182273847542,-5.93048320774059,-3.57859386673519,13.9133311973041,-0.699035090036704,3.11344296211918,2.3514008891266,5.73590981568519,6.37076644966939,12.7234461236683,6.64383578036203,2.66942926513093,22.3766654492866,15.2341101407778,14.5223001593983,13.1658280623634,2.90176812373038,-2.86652704339867,0.927838650785572,1.19509407544494,16.6557684349397,9.27038808735108,14.4296068143954,19.2823892650067,2.13725783744224,12.1256365276513,7.94014896916717,1.18344471155519,3.39971157377508,7.09867275388558,4.64332227245318,5.54850322985651,1.80828467741832,13.5041482460633,22.1173893334936,12.2458406492001,10.9378915948704,9.13513832916872,10.9546255905923,14.1498983619339,11.6369516793018,11.202462452099,16.9920056084939,14.6165160398163
"48",51.5898586451431,48.4443337994471,45.0667856514386,53.0676249986026,50.9227549377071,47.7057965488622,48.8723056320105,49.9705409240101,10.0063649725436,-1.2732949077968,2.54654256547765,2.43458346552371,-1.69118942929687,0.516615612205905,0.96746813558695,-1.070279999557,-1.24215710910067,-5.90710471966939,1.65353954875227,2.84355959360865,8.45604899491273,7.67358720558292,9.04736004547206,5.10538356814156,5.85667105333737,6.33244093941644,-0.0792942191262842,3.9752687616458,1.60283270565989,5.31541431263885,-0.724068151167034,-1.76453795302783,-8.66968811646899,-4.23695974027326,-3.17926148879316,-1.07929408572279,27.062801770537,11.8444101502911,20.120757596242,17.4201009946092,14.3456699799397,11.5059767444803,5.72639903633367,10.0789190742761,13.1221877122017,5.53897268658402,10.6535105656932,10.4362753403185,12.8562417240136,11.0931943136516,7.86480141579557,10.6457672626268
"49",46.0925843055479,47.1593314309227,51.5442637680765,56.8336730138307,46.8750184573442,45.2607697086565,49.7517057176872,49.0206085065213,7.65886128250964,15.8278751218506,7.27410038035985,14.1672262360401,-4.43344408845476,9.44196313032096,7.13169909772347,-3.68201731464113,-0.138346240664973,1.11137290575656,0.294906247135116,6.04915431844861,14.6927897032643,8.03222617284458,13.4346881766518,15.0708405396218,-4.21101215856014,1.80419597607438,4.69924447901908,4.14015324887409,9.67896584553924,10.3283296932032,7.20873900465051,17.8381241129686,10.8278886565872,14.0090738274046,11.9333021844429,20.8069674848773,-4.97146441475085,1.18211434155399,-0.524979120259284,-1.63765480177182,10.0525738075665,2.16196864339528,2.05593497523393,-1.92550033009628,8.88640954316044,16.524876552187,14.1255709421725,2.62274678636521,0.515399279916927,11.9890198612533,18.7826576103701,9.12267306623183
"50",60.2222539613797,56.9484588996053,48.6656034574237,55.8197633075895,48.8224102913066,41.0082262526383,43.0191882446041,44.4821407654743,10.0562391933315,11.1807983117453,24.3141802481678,9.8292541101636,1.83057957483663,3.82401271061667,3.86660290064119,9.19753125064916,7.8833713359656,-1.58244535349523,2.93486502475973,-5.18324579923374,7.18883322179052,3.98866553268551,7.57786302499096,7.13712574080337,1.66413267725225,2.79973836637221,3.3050858877349,0.657619735392909,1.33952012181766,-0.604947910401846,3.94548825907138,3.98773089954733,9.66137561844578,8.09885700020674,0.672106119608426,7.24640186301329,8.98631125890788,8.48099381319045,6.58958062779617,11.0654501350078,-0.144045127159282,7.45731693975547,4.33642420068316,10.4912344076546,19.1754051841362,20.6252956104333,12.9198200709187,16.3121922919114,11.0293887725734,1.94936846310359,6.39782974100548,-0.429842354216975
"51",41.3015491857272,49.4340034829652,48.2943509144339,41.0621732695967,51.9351134065855,55.6484783036784,44.4443803793952,53.0212498530524,0.0239154595718007,3.19364966705226,-0.126592909710978,1.66019392468852,8.59726454924039,2.92638017102884,4.67845809868756,-1.62040809189863,9.30026239778258,0.258905154468223,5.79004125936319,0.447330789191376,3.20859220395913,10.9591069081742,-7.0161065447252,-0.421290859568854,1.56629477371412,3.85047811284876,0.396356216681409,-3.81271972138545,21.2921176815094,12.5138879511755,15.752139265093,14.1759930088141,4.41606018306063,2.11668058015459,-1.96985866439153,5.80589020748287,6.42624493452121,9.31835534162931,11.0866185557351,9.16649685228319,5.8441857669044,1.35161468026625,11.243706069968,6.1859363293188,16.0548625906949,19.0639202145557,10.086201108717,13.3467818938918,11.7201234553951,11.6796579665146,14.635661686575,12.460294232698
"52",50.1978912674098,40.861635328688,40.7669843994834,41.5509717278743,47.627672208374,55.0796030637899,52.5002803667837,56.8496172877529,-0.0951435388705777,7.62396235741367,0.736647932372774,-2.82998413080939,4.74137149092258,-1.30685415532803,8.56789715781259,7.31155507924732,5.2614247625936,2.99862560474966,11.3685113414145,14.2790154715321,9.70740802750246,7.32401571092924,8.09867227424325,9.34610399593965,-5.00692444840975,-8.67559120380627,0.358337840473447,3.47996003679256,-3.16313503975531,-6.04335819925176,-14.3414256062068,-0.378670371412391,12.1466437427534,6.42780228036296,5.07531726623456,6.05996667056827,9.11963845268147,-1.67256430814552,-2.47690604684964,2.02271002409946,-4.66366615920145,6.56838121092688,4.7206144737461,14.5001943284923,8.53911592913833,-0.809906538336452,-1.11306419558128,3.5329106719554,0.2130510900021,-3.45568787796466,10.197761015129,12.0148953929478
"53",48.7671725730755,41.3099049284736,46.707698930328,50.0294597094731,63.9456403830997,54.8132371893918,48.940947823178,56.8428663142102,3.13257754744759,6.70423254758407,10.2808227908391,8.02172172319509,2.10875491670082,0.306868533900577,-12.7037503515139,-6.22200773605519,3.38993937809741,8.89659860829433,-4.39724907855647,-0.624992198462712,1.49269827562527,-1.14370573909872,12.4041583694285,15.5157535109813,-0.314110725702505,2.82101674889389,-2.91118716307351,3.32488821418709,20.2994674929154,7.83256978443072,7.346602474339,8.58201908081629,3.99156375251156,6.34158560748741,4.0298033561629,-0.248241710671411,6.82528117634025,17.7167980075429,16.2786330388427,20.5360119972826,5.93005064856185,5.10059044758671,10.9876941944749,5.8285855695003,12.9719238282922,10.0909905228968,13.7876658149195,4.86787223093878,11.8389522245456,12.2617366187436,26.2198397591057,15.2419919504853
"54",60.826192994364,52.3282052587089,56.2153893696664,59.2973024207265,35.1698120440281,45.5437241822128,49.1379250024901,42.5185566553713,3.20098095640735,-5.44096398690687,-1.45387009159889,-2.85691727929784,-3.40128537726637,-5.15022136100002,-3.73949371865009,-7.28388913278747,-7.15394928569308,-4.45246364679244,-9.87370987006449,-6.26844785179756,13.0382830729053,5.74792878294275,21.725428343267,9.14110364024048,-4.78504977366155,9.31799627204889,3.76881807942014,8.405048567096,9.65766147530645,3.73425710516889,3.42688888966184,-4.53770464720348,17.9692617063119,11.2934926995197,13.2616368919012,10.5820066641286,8.92526749971367,3.23171735301474,-2.02281790056144,8.71216435142147,9.74238980078978,9.49135641796406,20.2179750871326,18.309693148531,11.5260496684279,6.44251752854695,7.62980444098116,13.7767945894171,10.8453762655488,9.09548586642914,2.86925780549543,8.50836827629277
"55",59.4708257108467,54.5357805712517,49.2896035927091,54.5003544647587,52.5910130056401,56.5723790978678,56.5696243850992,61.023789608869,-0.106678781774579,7.6759331299831,9.77034877127553,7.87830566010888,6.01594685221906,4.91795671083457,-2.08135118909896,3.07244410352459,4.87737194828945,5.56287373035363,1.86622195999183,7.79532621641566,1.55370694937991,4.09071702953454,6.13867683728655,3.50760742934643,1.96811957614485,-3.97905471272602,5.68414415207594,10.2563366003273,0.719942830594919,-5.99239454532816,2.57497255037515,-4.90634228088446,12.700570795502,21.8989012022683,11.8998502259427,11.9278699812607,12.3268463213765,9.87500901351019,6.3823959388846,5.93866933791857,11.5484837157366,8.17456671677579,-0.359007364494079,17.0194191520082,18.1802867453823,15.6236100498846,14.9445576627994,13.4037755213483,23.5124566624893,16.9351823227342,24.4883393932477,17.0586205781375
"56",44.4747576262072,37.4987476508323,40.1770754416146,39.5468912312549,49.9437259992375,43.8364002601614,47.027674997647,44.9187493532236,1.08137779032736,2.60989311019377,7.94268016094787,-2.84490480002584,1.0252603404223,-11.1792611858005,3.13124288642124,-5.53029589316628,-1.49652704992061,-1.4504132084348,0.463806065378784,0.891695763108524,6.91435573340839,0.184981704630652,5.23940313239587,2.99815785053445,-5.71972276883301,3.49660478621241,-2.00961897215701,1.60858045221888,10.4655143571657,5.4576811633537,5.59144723341904,5.00243693820481,-1.82251835695524,3.22095275368915,1.06532621529414,5.84193750470199,5.94024980281624,11.0440402542813,2.279722774799,-2.82615154851456,-3.08970437528981,-0.294397924104246,-4.53274137827588,-3.13415792336124,-5.29428211884834,5.00720894488657,-6.03767510717132,-3.75921083642413,5.80860723531131,6.0482511749192,5.22698978787558,0.430176446966456
"57",39.2454201751824,47.9029681732908,44.2856611627958,50.445540922519,54.5803433837924,56.7530324656938,54.0315330244219,54.9767722140138,-3.36701028024212,-2.89814110262034,-7.9316347705118,-6.6711283607416,11.4567453208708,17.8021375932598,11.8854568541399,13.051531605651,9.27839042910018,13.0480457141206,18.6266137875935,16.890434094678,1.83751586907149,-9.79219320759116,-7.39640854032888,3.90349477124086,6.74126991271672,11.6586510991476,-3.43902562213651,4.23575847407048,-1.11896446470351,-6.66639951877644,-3.11250843670954,-3.51128856074262,11.6729261902431,2.75977467616394,4.78106043898793,11.4900857839377,7.55716452131485,1.9351861307753,5.27600792951108,1.84156626151189,8.63003603939242,2.61353148462027,12.3510579860933,7.62917705247973,11.0068295431681,6.56307372877885,-3.40948625201815,2.49361081504156,11.6416893221431,10.6818467511394,7.85999113945905,9.17906490726888
"58",55.5394685581232,53.1582182927674,51.1656644734853,64.8745482431121,54.3076120680014,57.9651470289175,51.8973556186539,46.991751987855,19.1565263857473,21.5070219370862,18.8916490578865,16.2266651680681,-4.82622411008377,-1.99567277419434,-4.0718097201597,-9.88793552731051,3.97838961211477,13.7510516010151,10.3428142770367,1.66433529721183,0.254504416216071,9.23485711244757,0.704726597873186,-7.99247388963724,1.64525325703762,2.34240029660813,1.74111819404664,-5.31621780805431,8.56232153414527,-0.178666666720208,-4.57213991227218,10.4546519150891,4.96447928047606,-1.38205840530273,5.97210621341466,-1.13461274242771,8.83142425585718,5.28934479861683,5.7576420581863,2.07192158563056,3.16995987055572,3.89750795441093,8.34146158239113,8.76774628072529,0.813028893885996,2.06487800127632,0.898585933385618,8.42872109796414,9.45648338679381,16.2006696866312,14.0501268168095,7.42128727964243
"59",51.833518607671,55.274939838008,49.9688442090422,52.2478040469185,44.1974095463007,48.5295275692717,43.1706341407963,47.5947776497639,-9.2787229621129,-0.470009081152219,6.92528665700014,-3.9088627100556,-1.86157113470332,13.3396399686101,4.85876007380319,6.85401838301129,9.11169250722766,6.06892608541833,3.00278891668681,0.306132553110164,-2.95484263133402,4.71494523357001,2.12517508996649,2.3966833157294,0.935560417055686,-6.82885885143499,0.570556686813625,-5.86187416063281,13.7497664054469,6.94932798869358,17.4528667563259,14.9025831614507,-4.82843198432972,6.01828650433289,0.800044868690825,-4.48975570121099,9.35914486699052,0.687018492373539,0.105408604294381,6.45353495067073,9.51828886942853,-4.23653936195333,0.321172930200862,-8.53038087748133,-5.63524811743453,11.8749975790264,-3.17012330487513,-4.84087406117792,-5.95033234670556,-5.3376882755384,-1.50245309535587,1.06422410251652
"60",60.8271421023431,47.205813885451,53.4176218323469,45.786010614368,40.2001374800891,56.003867350623,47.9386165274085,44.3066597101434,-3.67801464456798,0.671177588128411,3.33592889951531,-2.05118675088946,4.67570789406863,1.13329862421947,0.364058028461212,13.3967623085335,11.0003963774268,7.94323317113353,0.306178786212912,2.67502809858903,7.97072966924195,14.1149454798818,9.35903274622793,13.8136165267049,15.1257963327399,8.79804016696461,14.09419221048,14.7349483498571,4.56300431418212,5.53856130278132,1.25973500119584,-2.79319424077179,2.36601827522634,3.63741318876017,11.3088347880533,0.647003292602372,11.0864847037624,14.4039229142256,17.3074519840172,16.9531928107165,5.86287981582946,10.6735398829369,8.01424934317711,3.57076475913543,5.87834963805963,12.5470640603483,4.64817880534095,10.9195898058713,7.87743867204015,8.86097506628334,3.52235632168494,10.1564848144293
"61",47.7888162047725,46.6708588476355,50.5272878300574,44.19261063672,56.9912450083365,41.823945289356,54.5043626382633,51.6498723903374,0.817563793331173,5.87281572338676,2.54514888662243,14.921630170762,-0.683779960597982,5.55106846027734,4.83884099185868,3.5516584929261,9.03973384757712,5.88077595890542,2.85766815569285,4.49443932032944,2.63313891193991,4.69455775251338,8.25518368205196,5.0640656575981,12.676217959277,11.6851124864803,7.19696698968528,17.4307178081853,8.06331689362107,8.48934099131398,6.26643554916873,8.58765150102338,13.4699858976757,16.8782862865723,9.76456192168505,15.6237499504197,9.72971565441682,7.775020059162,8.89152147905053,11.1061220997837,6.46009679042173,6.17648790068826,15.2638567401791,2.63644998595541,-1.5104059192321,-0.589110174775905,5.40005308012541,3.58966009962323,13.4297315064452,6.51072577161198,7.47936454378856,4.81742590862486
"62",44.5364582105212,46.9928174217334,42.2667782069721,46.9289357217068,60.9880343527735,66.6202411131972,66.9836913079973,62.0591100027489,3.2002576734749,-0.987719538542136,3.29989420020683,-3.94002290394989,4.09542485509393,7.40203780688875,8.08679026670745,14.7542580176138,-2.67757233592043,2.4888029638433,1.72620288118442,2.06777494431213,8.84462796793988,9.63779378139776,5.92626347559151,8.94393199258431,-0.0413473039779628,1.52311789265239,-5.22720918787745,5.36251052634841,11.7357929683039,4.02316378760171,8.43969955750597,13.5536560724651,5.98654527390025,-1.26456314906917,2.03713433248219,7.35850480384801,-1.80552657205287,-1.61328178868583,-0.898301365298888,6.90700565940906,4.52498458709207,-6.84977735408146,-6.54061284420629,5.10450725348899,5.61477982688304,4.16080059930675,7.48980709259038,5.54963459900054,3.52609746986937,8.4660947941937,-1.90342547767555,5.14450373803467
"63",35.979697072774,42.6654621986416,45.3568987548419,46.3843132462547,37.8777422121256,38.1216523778803,42.07587368304,42.3084923594296,14.4970758372779,9.94000067828419,13.1473644563687,12.6880178922838,2.73801281749237,-0.622655851299817,7.56805007178616,1.09758215832005,-0.510574875488137,7.0136597931406,4.57567830472059,9.0684335199572,4.183154014737,2.28341635225714,8.65969023550837,0.264228804639265,6.99405580277442,3.18920587007151,-4.16537270798886,4.21234751731321,3.11112994418063,8.48702223542633,-2.32489381939828,-3.86590346019309,5.21484234746802,-3.39267815704797,0.0496580708783956,8.21092957379162,-1.65799377199879,6.48054796466487,7.16929288596423,3.59926958129051,-1.69927379396909,0.241329198865875,3.210905329334,-1.17555787884315,-4.25772770225813,-10.2884468328475,1.13837942254579,1.52898996559693,7.80310518567719,-0.841730009597383,8.1035605698681,2.74149579092405
"64",50.8200600776163,49.6763974926692,48.9544555192976,46.9712126253352,40.918688806406,45.0478439313214,44.0846339278129,36.293177541772,18.318443272437,10.3111464996658,9.57136990000992,11.9409787596623,5.25459201915297,4.54479832280088,3.84016158205958,4.37542343606308,14.5282430220457,9.91425053031671,19.2718498617472,10.8237808686025,10.1470185903929,6.25675123672193,5.54572105644007,-0.457421959316708,12.9808885646044,17.5650740093178,14.2049070530011,0.289674204116923,15.608433730408,13.2154635875128,6.1219950938764,11.4216456447376,-2.15827577205339,4.87868380563512,4.40257910954869,2.25951841163227,8.07663196251977,9.85864764476257,1.78031742695524,9.75789633159217,9.34543200294369,5.36761542393834,2.1544340092885,12.1081807851849,-1.26539817338768,9.15823921524049,1.60420710488276,4.42258148751026,10.4043554701372,9.66074892075319,10.827928246382,8.82583255821616
"65",44.416152076796,43.1977089322535,42.0638362808585,43.3452337569265,47.8667067635992,45.2068444895988,44.0173075236849,45.5036728037534,8.57689456191372,-4.45089207668785,-2.04888831572663,4.82496540236627,12.3287885860258,7.90932762082924,13.5624827328631,18.4711161869563,-4.13795754191028,5.21919340289072,-4.65722793628953,-4.79608810406399,-1.79388364806258,-2.5302199564941,-0.245802531466182,-3.77080702723382,-4.00806897521726,4.99028996831847,-2.78180469326514,4.43746882087113,2.42296372929327,7.72885866603324,5.61588111912806,14.4046395500928,6.41359322316897,-1.83639514398047,6.61340601368714,6.73293032243505,-3.00369476616304,11.961571830454,4.00659132570133,-1.51302620418911,10.7405555179972,8.05965209751826,6.15191857082853,14.9824706311268,2.87131730001247,14.3619573703785,15.1440684244259,11.3533122642725,15.749765180481,8.90551501027078,10.499980213971,0.343291392773997
"66",51.0792532690638,48.2776694291531,49.2379017584827,58.3187171219448,57.973711909819,60.5553568119099,58.2875334891732,55.9045478010737,10.8141926423149,1.93501866362952,13.3121366747704,9.14037034826036,8.04089940577896,4.88326715859328,4.37385936991734,19.1506035780908,13.1714320798027,9.89549130172938,2.06386378848149,4.73295450168379,9.80836720065849,7.50895644028167,-0.521077217451432,10.1764702479778,-7.07997416696679,6.48092672906468,-1.96668064880751,-12.0569903509758,0.527129114640086,12.2010939914392,4.84753689985518,2.94797959659867,20.2898043280118,15.6451859126528,11.1205082152449,7.18483992943454,9.47211688428557,3.30216330367986,6.28016591337878,10.2867167344929,-1.02239690249702,-1.67029597722971,13.871776083603,-0.912572340175164,11.4796594412202,13.3463197918041,-0.498173384464666,3.18339398991414,1.16199526301273,-5.829301488553,1.58635278925788,-1.97310907163753
"67",55.3986074272605,49.2538309632569,42.9003587079589,51.0339157416917,59.2404750037959,46.1679164501765,48.0724892896009,55.4364200789419,-0.0145502662494428,1.95712786189606,0.225881776920577,0.876416749188989,10.3643341081643,11.2131496158056,7.33396233512892,20.486858851398,5.10270617598473,5.59379040807086,5.602225504985,12.0094595819921,4.64559235766597,7.26990668629606,18.0306020588325,17.129567895118,-1.87201843090558,-2.56748177857905,6.08714361552472,12.254804041859,3.80388700438009,9.5338602488383,8.70080222452501,11.2625411258605,4.29621572165102,-2.80824012901236,1.73306454583833,5.45132081578326,8.19985987508231,17.6332537198262,16.2561145783317,15.5126981045807,4.71344742288309,-2.51110224187325,1.10634487266787,-6.51960782247819,-6.39545287087748,-0.762335399574661,-10.0132424916061,-4.89610237523579,-4.52648135669201,-6.47669563639052,7.15591453489544,2.88407613073395
"68",50.11134975555,45.7726978999664,48.0427707146457,39.711522711778,54.5619520916279,46.7476258550476,49.7819587287244,56.1944627324438,5.63817787425705,5.55848004517935,15.7345620622777,14.0196311684169,9.23839154680353,7.36777131522173,8.9451126929014,8.01619751014676,10.642432915152,9.38285510366544,14.6162971382952,2.9518687247539,7.71436343166358,17.2868137379725,14.6585528036543,8.69949624656221,-3.02687908301043,-6.14563393114944,-5.18031350738744,-1.03801648566326,5.45463251487397,-3.86961570787203,-0.223841775683151,-4.76443930004268,1.512098538903,5.28989233459482,3.46345731072294,3.87246191264433,14.9037185412123,7.22284746503986,1.62186029678063,13.7288976415274,28.6391956448532,21.1090034845523,14.1941027015509,13.848982485438,16.032142676502,13.9678363231819,17.9613797281886,12.0146031120044,18.9774291282855,11.5089137450779,9.69488567645645,17.7808820232866
"69",48.14850421305,53.8847101352348,52.1604039927567,49.9901420844706,49.5544158668045,45.7439162851811,43.2839555693027,48.5841514918872,11.4619683045605,7.21965305187398,5.85191336718277,6.6620701036444,6.68477840652383,2.02110533606706,-1.79732637716248,0.531326539344386,4.80926111192159,7.3620914957659,13.0780115549262,4.71214002362138,17.9276951905289,9.0812023970759,9.06653173155997,7.77182133092315,2.82178320610477,9.78096379147908,4.43384410342972,1.64454407251059,13.8288340978142,19.4829875557558,4.37729224031011,9.06160945934198,9.76534514051216,-10.424496577161,-0.448868711625,-3.54033944057956,3.08780208068008,4.68799764431911,5.27939372721002,6.95204992034935,2.12840155466899,8.83079643467841,2.46985496323074,9.9002214901286,13.5749936526182,11.5627299458345,14.6718684791264,9.51632309121014,7.5455473046303,7.83995687234865,1.61953610218394,2.63493170416459
"70",51.2605932271841,50.2687437227946,52.824553591863,39.3136605689348,60.5375333766409,55.8664827194863,55.8960518361775,59.1631893998987,-1.1408026749737,5.65563964914293,-2.18629511786198,3.2450221791364,1.42671212024502,2.33984290446538,1.82504882119736,1.50736305052692,1.09238212701751,-4.4961176593722,8.05120798758491,4.41411217597246,2.34645842191729,12.5697766755419,12.8837566037183,12.1375355228712,8.91758131938662,2.78548890820181,12.6118638119101,4.89542198828179,4.08329493063708,5.03806984977006,7.2203840701193,12.1367492807476,4.05776335817415,8.74017752685709,18.2574607120322,-3.51121620133037,7.48594357377732,6.40775743920815,5.11444946792803,10.3139442411183,3.62854932857929,3.08096446492766,-0.857607006824977,6.48794629118737,6.81835686468779,3.59515496550268,10.5183761757927,3.85168841639514,13.4730803568428,5.29802976516357,11.9568256604977,11.3261747962836
"71",53.5706236088796,46.4534624557081,50.9994633010422,61.2555026134838,53.1674085020452,45.6634110085252,57.4084894143539,44.7572224096001,0.128443063620852,16.0752297369767,0.756656967965818,7.1147086079245,3.02157572378729,7.06933711867004,5.07059758385577,4.56400108794213,10.9591004443981,9.86880769171442,10.4472618172231,4.07237753263768,2.2056984836006,-3.4136011059767,-3.68372503079583,-1.6847253050347,2.54633251731979,9.50020324420822,6.97888750570424,9.39721645074074,10.6481530692693,14.3759235801045,19.6812544350462,24.4247987938044,4.07015496380365,-7.36419660508425,-0.141769535260712,-0.628985294983574,10.7328155704659,10.1238827788756,7.8447736878207,16.2814668304887,11.990190326656,12.0696941212597,14.986009547004,3.70590891417768,10.6666632991709,5.70543017446315,0.584076811275424,4.06460853953508,-0.908473759979773,5.06382575147952,8.63882589625304,7.69541352548439
"72",58.7869875775024,57.0518680774513,60.2604393509001,62.1955766568439,39.0497394187505,48.0794110777554,37.5929374661269,46.8179716118843,6.08387405670429,-1.12766003776736,-2.56458484572245,8.92141758264431,5.48054053110569,11.1193220888468,-3.70426390731518,2.64140180646834,6.53199407030389,4.05071743878869,-0.46111723996422,4.44870116879013,5.34388820680174,9.6941509166248,13.1479748330989,3.59480168580932,2.73284935288229,1.71476579169619,6.97474148379602,-0.305919056404807,10.9602735929306,11.9614314989494,9.73116592752729,16.0141647127978,8.81230367389803,14.5273340795873,12.7505357415725,8.46946693368209,14.5279559742819,20.1734188547107,9.36524226547392,12.3130010806656,-4.81701998231928,-4.25936800752413,-2.2289638845056,-0.653759579952279,-2.24853907130613,4.66215090427667,13.1312631913937,3.46273139034464,3.39722699782866,-5.16993543721591,8.23487825032387e-05,-1.25541917566318
"73",39.2075675517566,42.1345285927628,41.2564929062498,37.7850106863412,61.8966115726742,54.2224031560286,57.1242014152725,59.533509689839,13.4932901075165,13.6811075258808,8.16917426858844,16.4832400523944,6.6896408234083,0.0274423117761522,-0.47206273236021,-3.0736964687142,-2.9563639177146,7.02090628428489,3.12550293192274,-5.33075664902643,12.0880865104814,16.950195091063,15.0053762282693,15.0101993312646,7.55881546628077,19.2316175474658,11.977442216878,19.7642108174964,12.8675308963226,18.9413256653478,8.58859664866033,16.7050925338655,-2.09720848460716,2.12896824632962,-0.445319902389001,5.58762953381392,2.39863049951309,-0.738888329737825,-2.98566788282374,8.94891265423417,5.04181921901493,1.40233589259195,-5.39187677458897,0.632653535815042,0.929012709349903,-3.09612550993631,8.16154093303949,-2.46797010014288,7.16064950834048,0.351780799497848,7.07892106633038,8.90801044682118
"74",47.6008558551087,49.6632096059404,50.6229351059791,50.0042985672565,42.2299423990163,47.1589074475531,57.0155903850583,45.0399526635956,10.2705721217737,-1.43527631659583,4.8679340504491,-6.20241333760942,10.9481877973881,8.6853709908641,1.42393897021505,16.5654250914036,1.10313807949713,13.9126184983761,3.47686218031919,10.7369733580199,3.58261339275844,-2.00237635719127,7.87538360093438,7.04952281750998,7.38178890718765,6.13261224227166,6.44271225918422,5.11714712068291,6.58093636556616,5.58407951272581,2.52776388806706,5.1838933575505,-0.079333076019382,7.97291957634541,-1.46902682821399,3.08099083815211,12.0051154499731,8.15799964086595,16.1834632429957,-0.412624858312859,4.47651152004607,3.25388886909758,11.758043104417,8.33776345273427,-3.32157250792819,1.1650650374333,3.95160735255935,5.47473125548173,11.10013906263,3.842449830769,6.26785448849424,7.66377399149278
"75",51.5638574158929,52.6490736265204,42.0381516483611,52.3821237960324,48.2268695618698,44.8727898405268,44.6693379188769,51.2565828329994,15.5747756005988,11.8969442566488,7.2632478556458,2.72685078651052,17.3237358145459,13.3746512979004,11.3742234324307,10.4808812822435,3.82863573212914,2.22307125924539,-5.21014803515127,10.2010814549229,8.792756459864,8.29209811927228,-2.34928706129358,13.0843072340926,8.65602644197963,8.48663624502025,17.0442725042425,12.9654430619866,4.72941319878018,4.69454457640111,-0.782668414459654,3.5558746141708,6.99647274519941,5.43970165394366,6.42422856362846,12.2844609456935,12.4157324640218,15.3544426351087,12.1250466966792,1.53654485920125,12.0471204824973,2.00402072877269,7.77455107919244,4.67296523554415,-3.75677541491743,7.41713646295659,-1.73348759431911,11.3826904873892,10.3336649478302,2.85756568102913,17.6209433589294,8.98482608391979
"76",58.8243251124626,59.3608406412361,54.5762910405531,55.5660819149039,56.9311178557932,54.8288602283643,50.6818965753475,49.7680569589011,14.1787522760838,0.980333393825112,-6.33091135794882,-4.83030647634064,4.12621804707072,3.50332184234174,16.0928943957733,5.95468806620379,12.3638299309217,15.6728726261681,9.85170535949886,5.50371826827866,-3.35556791662393,-1.50561970975212,-4.99265623755853,0.667627928224692,13.9164620513406,20.3420419146859,13.4484479003554,8.95086220059496,5.25914293699994,13.3354480066153,8.26555662277872,9.69946665401162,1.61242075429908,4.57347187310612,6.85488098838273,4.3437687762371,6.90497631295012,12.5352773578255,6.82522125836261,12.3253176973874,15.2985259901793,8.50135678357889,7.86933764762261,8.46816983268606,3.58496192223338,2.08479821885607,-1.33547390712157,6.21498128393977,6.41508438933925,9.29856246490658,10.1643237035122,6.22446256823638
"77",51.6837408203497,52.7993074777435,59.0196668787516,56.479278019203,56.6354922397684,53.6301554823952,51.1528501507578,55.4058812545358,3.32434384924089,13.5233872947547,3.99996930463811,11.7293758024262,5.63207610032658,-4.44219057889259,9.27196151499746,-7.31557818322254,2.75672559137107,4.09126792246347,-0.780511655366295,-1.15658162074599,-4.53933323041857,-1.8052395575505,7.76066225839137,3.36072663718215,0.989655045439119,8.92573353185307,5.0287205546477,1.48469675003091,-2.55450120589241,1.2306389275543,6.07827494120325,6.57103658819386,5.75635197970722,5.62218458707609,8.56935223360036,11.9232414544435,5.08316205046851,3.22765170612898,0.685775240369372,7.41901158845637,3.67258441561674,5.80554016831155,6.44610304919324,5.89096090057312,16.2777596437507,10.6661133491476,16.8569008496697,16.1075490185965,15.293831701859,13.354518489398,21.4076583280229,18.7859910796921
"78",44.6035363280469,55.5476221558977,50.1320878128237,43.9440836456677,61.284133910327,49.6476089709394,65.3650935856824,47.0818272576801,-1.46953569124231,4.33835877062468,6.65297353649106,5.5273102264722,5.89748775388276,14.6889173271156,8.66798635165665,12.6052539115106,0.392052172306944,-1.28656327418869,1.43628649857382,-0.0328738960826698,-3.91617558113981,-8.91890787059501,-3.99219156749214,2.68971940953966,11.1301117182389,8.76073388669606,3.15520510185051,5.87051633690244,2.92449444376281,-4.67036115168185,-0.402298928789241,-1.19342566621188,1.71804846221539,0.812381269202533,4.03901440713404,-0.600190615732779,-0.709867681721673,-1.10794353217435,1.64601340603999,1.10541406350449,10.4039867164814,11.1132634397177,11.3528599941326,8.25967836162799,3.90549276605152,5.24926546282512,-5.29282824506618,-0.300536458978637,0.582836648507528,0.79234172371104,10.2761361970674,6.16311438145388
"79",48.4312662752375,46.0118324664245,46.3795672281533,43.4295148346263,53.6953702620957,50.547715168468,48.3649887136985,53.7418852193015,6.47693011116415,-0.139571514152014,11.1788083000627,7.17430501987309,12.6452699667147,3.59209323309068,3.26947823316836,7.56703517170358,4.42294884220991,7.15548244992156,1.13386242854982,5.63531197656399,5.55283723093855,0.415596079644022,-4.66041054575979,3.98093831135854,1.57638423218602,4.18463599889524,-7.33062132701773,1.8121902180464,9.54115003993275,8.40398357868539,6.82968529079288,7.91905241579144,-4.34695796903376,6.8615282488927,-0.300574257541373,-4.03213697488523,6.77126584319151,6.50457774694137,7.90837511291602,8.27161665159418,9.68948179920387,9.03160521117732,12.4267927465125,-2.79074130142215,3.9278290924043,3.83435919772243,11.6868566093628,1.05948540164652,9.0769532616537,8.44368667482809,4.11743309056631,8.77767441886055
"80",58.6388699835066,46.7203639217488,46.5468351148678,54.3276081066756,40.3264734460764,40.7001943003364,49.6349509781561,41.2217210174352,9.48302010200478,11.5444606857955,12.7395625660744,12.2948172615004,8.735003887447,17.4789290277571,15.4486367520995,8.89273036812985,13.075954739885,13.2177979524118,9.67472963698945,19.3363129176793,16.1727788069707,9.11863659043198,5.21772718528266,6.55621734240196,7.601391635568,4.13058338669979,4.93881439092548,7.85024189234743,-1.31672442106395,2.50562154017556,-3.29469397018963,8.64687571730069,-4.15429142927327,0.777652749496649,2.87677244489215,3.67422534645198,-7.32697520086727,-0.405905951106569,-2.09039599408391,-0.321463935589703,5.63239087562896,7.42622313252237,-1.02743766418929,1.91596748526334,6.68317323400282,-2.68657524730478,3.1489813836511,-2.79488011061255,0.300360933071539,1.30387202029185,-1.19352736363282,-0.598142114776923
"81",47.814604721055,55.7342250838109,50.5289663798141,46.0406089078767,51.9268129155796,49.4683263176778,42.2343648309039,45.517530926948,10.913565378794,13.8286439625788,9.26772192501428,8.83488954798036,-4.49217334961947,-1.14038279916578,-2.73702776240548,4.10092890472178,1.9413803915062,1.8409605674293,-0.549107665622843,7.87241542836005,7.57432245597178,6.35956650577796,8.84083942701798,6.43689149375564,8.42453506721859,20.8999509525007,9.49978340575627,12.4750454090452,1.060192982348,13.0395896686653,4.58539688055585,7.11849112970167,9.82745470281779,7.05883846928034,11.060623026259,14.186062030254,1.82675055316782,2.33175624537554,0.468416461404836,-8.47909119453131,10.8220961987558,10.5387108123102,10.8503172976191,6.43583603554684,15.3400596958286,9.51623136672667,1.08672569890108,8.05514136408559,1.23230877758791,8.73756157984915,1.12734204147457,-7.97116185854237
"82",53.7395105128848,48.8770267170889,53.2818628195782,57.8197847993102,47.0417011602168,43.9677225028259,44.8112583549933,45.2909443482082,5.8236395831132,17.884944074925,6.94428940919061,20.7007513969116,5.3139592299446,-1.84845187810318,2.09455202697761,-8.12225550826006,-2.88112397892135,-3.20625367611717,-4.55415449814412,4.42890843204977,-2.04534317399229,-0.792298493998455,-0.580691232494187,-2.32578164900534,2.70291222890745,3.62163952747529,-2.69232924941489,1.68114907448413,8.09647229414442,9.23709444873812,9.99070837166868,7.99331683913572,9.19596330049554,0.442036614241838,8.15289157164212,-0.576258248664915,17.8517655235556,11.1613432047761,8.70815183890884,5.02984402742281,12.7309892946529,15.3753471054135,4.46950790109891,8.43850389996829,-3.93794354363742,3.88175312560667,0.221495841007679,1.85808084512238,-0.89289502003145,0.447756417777573,3.08081266989319,3.71434952991216
"83",54.9922052852552,44.9932883534881,52.5331963120095,59.5843153204185,45.5321588065311,48.3463963297166,51.663870476041,57.808396515575,4.41294244712375,5.93886496487769,17.0111286247815,15.1929777516993,5.87611549298555,8.45029424281938,11.8595468276696,8.87815672754436,5.13287396051934,3.32849288913575,8.10226421399235,7.27210829113451,5.25208428652417,15.5401639003132,14.6096400872896,10.0438069235436,2.12512006304866,-2.50100945636425,-2.98141703656825,5.50467656996636,0.365399026564742,3.04262000208973,7.92139955464704,-2.14735212754408,10.4045422077792,12.2487992804699,1.06353248719744,1.77144285015561,5.574819083865,10.4592554357123,15.9878820060878,17.3471886866671,17.2370351425576,17.8707189453377,14.1683517873071,20.7657289472698,5.7441055365127,6.89838989843098,9.00975547629721,3.66972671633454,8.41716919665389,7.56970572201699,22.265865570944,10.2341970472115
"84",58.5563303126835,61.6337270142922,53.7571459574489,50.5368505258184,40.6666936304291,43.6799029969104,46.602015629495,42.2324472883096,14.2885056371417,15.2597414788486,12.066145319901,20.7954064661449,12.4071957584726,12.0958452753928,15.2553885916034,7.6410734267679,2.57628011009861,-3.37772418674754,6.52761632313666,8.6788939034033,5.5999059621043,4.52616083529962,4.33743674802042,3.68009505868639,10.2209756806361,4.57348946240213,7.38621597140817,14.3981611228917,13.4346778388218,12.6588554808119,20.9003926248234,13.1595126500792,8.89614462897919,4.90723532815235,2.3295089721933,-5.06276754259479,2.08609249229472,0.949350019728275,-5.65774091403944,1.29983582149043,8.52349289855956,15.4894795424465,14.9191469498196,4.46731809597971,-1.46940229617589,-0.197290424549506,-1.37473294244472,-0.164139708435263,11.0358035992802,11.2614333360965,9.65445302942392,-0.0352232780711184
"85",45.887140780573,43.6061777310764,56.7855623520401,53.9931945626186,52.3393217751479,53.1935263660433,59.0313402564031,57.8461663732067,5.22504594386193,0.965855627091539,1.56108750039708,1.14345338832781,10.4042506397305,4.10082765670695,2.62025960360764,0.865365543831207,8.89507401058802,3.02577780318155,6.80589194810864,12.3529939153583,3.25198832871136,13.4623779214953,11.4572681883977,15.235966820383,4.19546281085854,4.37917479985073,8.46630155068062,-0.471333065916385,21.4113896617061,17.1801011134234,18.7826449910683,15.0885972737036,1.53491625290592,12.6295142888116,14.136696113889,11.3812483607744,5.47209171683562,5.53357551564408,4.43680841277809,12.0595008419739,4.57187707069213,6.87610207118395,6.44019878289758,10.7797063379919,11.1515420907769,12.56956311414,7.85940461800101,5.22396181997211,3.68851807549927,5.65624089552213,4.01993933290638,11.3663545953492
"86",53.2698126881458,55.4104843820985,43.2038337506707,43.3592905628079,50.0137263984499,47.3761197327055,48.4624610868035,39.103697104864,-0.934569892452206,4.59767986379852,-0.168600422917092,5.21418634883629,5.91851820404786,16.5480483002912,9.13055707383035,3.03697577740212,7.94359013383727,10.2605255128965,12.8755036359197,13.4426931284644,7.78747142499425,13.2254209014976,9.24885920992499,13.0710014386121,-3.57802115119966,4.8881728246239,13.1961974565999,-1.7851718505215,1.99417179610306,0.565499329715334,3.76603563523813,11.5671477737466,0.802387870879354,6.71976996917177,-2.67553597473398,-6.21267029856012,2.53545857449337,5.08759022094373,5.73464179697355,10.9175277179003,10.0193899980715,9.15226707299241,16.6250538592114,10.2941351531588,12.364177806623,16.027993622938,22.7775108310767,21.2016899122818,11.3789799323375,10.537930765014,0.329924747394487,13.0950599432224
"87",59.7440503441007,53.4819130612015,52.9643970310904,57.8298646125105,49.5850429024369,40.3038830846504,43.6164955277185,48.0433466900454,10.4654472592843,6.81448184831875,7.40994403704612,7.00480690521897,3.66378862060158,-3.45400849223503,3.70214849841902,-4.08610716458668,11.949299766004,2.59049244704764,10.5380288322967,8.57773594843575,4.72726191841882,3.30875209133735,-1.11090253350278,12.4908700462617,10.4645178479637,12.7757998704825,16.683751130791,16.8693302488905,14.0636929010477,8.82197552406372,7.44724541500846,11.7039341923613,6.56586291852478,2.55725664040531,6.35095131276983,16.3401212475968,11.0015474568073,9.12222395569359,13.4515824925828,10.9226538411276,16.1125970765836,2.29748113240358,18.89912014637,19.5065487292588,13.7916124192761,11.6641045237013,13.4963333772408,8.58750158119707,8.21133600425428,5.45657182446877,-1.54224967631169,6.13276834204112
"88",43.057124237466,50.7597043200856,49.4682860712195,55.5818444133977,44.3216332117392,50.2978860405425,48.1673975010977,46.3464500701654,7.45605395710547,-0.831367802453858,0.528537038042083,-0.165815342248183,3.93738632584404,-0.1735640300662,6.09283179400958,0.817905770664399,-0.276010610870291,4.64055448484593,-5.78298624852952,-0.124122991653878,-8.99467864984426,7.45942045149826,0.326740281253477,-1.29189048173094,-1.46804872459242,1.77104440370202,2.3527327772304,-0.34886798428533,15.3994849053436,15.6439229496413,7.14771904041748,8.57475304409789,-2.99837391564494,5.36404964327971,-0.0684498411633117,6.78983336194975,13.150774243865,6.61582727951765,2.23942041882543,6.92385553062168,1.35519592567881,3.68261083870693,6.51476697237866,5.57135769343046,9.94509654430558,2.95587309982744,0.317967329509672,3.57811659251842,14.3419976117577,12.6914274682757,3.92516382190602,6.92545378464766
"89",59.2809655389401,60.2239458158411,52.6937264760978,57.5291507635298,53.0623713971298,47.7403647141022,44.53790490629,45.8821490634203,-1.29070168375067,-3.75280837636972,-8.81614421258183,3.53272171142175,-14.7504204112409,-11.3429347155799,-15.6566096047987,-10.0908098435785,2.96160412639578,6.93862185319365,11.1367987926339,7.36753046218473,-0.736117938364274,-3.56189355590097,5.4076954634996,5.64635320366827,-7.85529954188104,-2.74162532127458,5.9182090156843,1.1444984810952,6.9587639657381,7.88050809211347,4.0625891653895,5.5697521684783,9.00400537504547,4.21989876239048,0.760769548708941,2.23870377448526,8.1863901520892,8.71144441933001,12.4185342768783,11.0966434496508,5.343644978435,8.72695114336386,2.47605006912201,6.56060800894982,7.30815186655127,8.78662269747073,11.7353694825049,11.9253901045348,7.22054061169438,7.99883039116275,8.1255172889837,5.44866964822436
"90",58.0612002993806,51.6826327240843,66.626524351806,55.4757385025843,52.9214656785014,49.6521843301186,57.5331959228416,56.0818746923744,5.91985395159793,1.12759710260803,3.02090769937794,-2.42215892727668,8.55441977974968,12.0980812545073,13.5329708540299,16.1473096161967,1.20529818513658,6.74014078457589,-0.937564646035676,-0.445723923841378,0.42418606080818,0.617309970700933,11.0332782205796,4.6789402022166,3.79037199686477,9.22181653144366,1.9828969482661,8.54798191400417,5.42148730786638,2.67706507620442,2.43057407136368,-7.18319334332332,3.05602705000158,0.618730557824182,-2.70844000556742,6.23726581239737,5.22337571199093,-0.349003809287759,4.82517964331545,3.15126566019059,3.60917538973349,14.3145373470714,4.1212419444935,9.73803357738171,9.13382122676406,17.3380307842084,-0.552093113430192,9.09218849563356,4.92905681179083,5.32681722826877,1.61247711042038,7.64490674291168
"91",34.6060300358471,37.0591559286173,45.4420728497201,36.9324074197238,45.4897289504725,50.3993363551005,55.5771545264666,50.3915998730361,6.19197760346678,3.42210999209294,7.25843775596892,9.75036746207336,12.5991085027302,15.2386936308611,7.18662046206718,15.9537582809394,9.05943490739811,5.98251082933458,8.94017490431736,8.01456131073807,-0.413801409105879,-3.03712769718347,-3.52531404111771,-3.696974055723,12.7710947183127,13.2665835579209,8.58988932948653,10.2223480458461,8.34634855728611,13.2378715967305,9.72560754525052,14.6256962261515,-8.01978530373546,-2.87687994367482,1.62354119085122,-1.1636152117878,10.4207658529705,5.77961714303126,6.27220676516596,4.92386622333407,13.6344077725888,14.0831149181991,16.9758456939243,15.0940292302866,8.69505226603462,7.39293946406999,3.94958240343718,14.163316889087,12.2230835574612,11.6823707962673,10.1447884674558,5.84526819531712
"92",64.8798721444869,58.4168579261982,61.1012664996326,55.592582078814,50.821050071484,51.2163844731852,49.6488533354584,46.2171289581975,2.80984938173705,1.17944681226355,-0.681781572307697,-2.07350321079192,6.11835600442135,20.2505452854133,7.62061125981139,17.178620592047,3.67258588169149,-2.65078291139835,5.09131350012594,1.96504857829946,-5.67682603318425,-6.42250467848852,-4.4606314206494,-2.6311688572086,2.78697897539136,0.840963737254387,3.2026074557052,-1.313273589355,9.32588010049555,-3.47450407242235,3.5275012242368,2.21271062134914,1.53917514462637,4.18103298097431,-0.604472086605327,8.97022743778748,11.1673942378924,-3.84279448770789,5.15525499800567,6.40964743350072,9.8543969131613,6.91728070467913,3.62967506060476,4.32036619353055,-1.89335168097224,0.101008611849267,-2.72407042948565,0.944498019434898,-1.85115050837205,0.434357923943029,0.134968702359755,4.36165410378531
"93",48.7215804705508,55.3871812618076,54.0438656435349,64.4153677165545,50.0612542005334,56.8254054928988,48.1348631664086,63.8787134081531,2.35087539735484,11.4866510330728,4.21763831625468,3.34880143591503,11.9617684643793,13.3099050741747,9.93615762129054,3.51839671296118,-0.0163609598824417,-4.91595426671544,5.07169627898423,1.61524672375582,9.94465573361196,14.0744545058297,0.824664030096177,6.88665037743584,10.6358495541791,13.6215042585315,8.1506627287649,20.4008740608831,12.8967819230926,-4.09387105472783,1.83204682211335,8.50573576797216,6.30501055148424,13.2399262877866,4.72262589833718,7.42708479344766,-5.22234991622498,5.09368941971179,10.0263990391045,-0.479837912862546,17.1347764670392,12.2857962314062,-1.4833011658018,10.8204712104917,12.2312525364063,12.997321767865,2.0933962960184,19.8150950634544,11.0569234883784,10.5263254957041,12.3018218438815,5.27605126615352
"94",54.4315265767769,53.0960601546437,42.580734975636,54.0478530966082,44.7035123705037,47.0729943894255,51.1661122256187,51.8731314846323,13.8469381873591,21.6253681187258,18.0891981169624,6.13876448560239,-2.44487976006692,-5.28819931489636,5.99560636190949,1.52909189168113,9.94545418008676,1.70572236889686,2.63885996109852,3.56169992885444,0.880377495942125,9.27853789060133,3.35275178038068,-1.9553652059402,-0.261671853569147,6.05503280779714,0.806742528008809,4.44726369927149,1.78411803615834,-0.762266407744073,-5.37610803679277,-0.767053036126524,-1.11259320442936,3.45738283489651,-5.70990195829253,-1.23440078518514,-3.15672130433672,-8.09129801433642,-13.0275537763976,-11.6776993804921,11.8870100801474,16.9158592824093,13.6299106819572,9.3697658725977,12.7159886201201,5.62461243905677,6.02783927275243,1.30011133702691,1.93178075799467,5.93656445969118,15.169593505331,12.4972558619322
"95",45.5369114765616,54.7817298812383,56.0410493978668,54.8119106405716,50.6989549587977,44.211529277855,54.5653616670758,56.5405285744961,8.9979219944631,6.63951825399529,9.14387837727525,-0.300679778083687,4.1378808582596,15.9082250038485,8.9257519937363,7.50661352234326,15.2244643322868,15.6003478864563,3.83684294018663,4.34626726352993,-3.71657811047277,-2.59235535236701,-1.89527385103008,5.07004764299978,5.79620785106816,0.843567670450666,14.1670715893313,10.9505891859058,6.85077138088277,16.134436132431,12.7702336056952,5.95084856116481,6.2117650563582,11.8265246347771,2.80794664071058,2.37155030238382,-8.75857020723345,-1.70220994429409,1.9652335669653,-2.69468975434542,2.45756096021741,7.93540466636276,13.6539978809622,8.27742709976028,7.90621515401604,4.24114955315903,9.60963910782473,5.40665289541566,6.53336010229737,5.424209395656,8.68058433434604,11.8087354266445
"96",50.1928140373495,53.0770736331035,56.3866989407435,50.36313287652,43.2817060767651,38.3730744795145,53.4268298201149,52.0570591071511,-0.975670178234836,9.17275424152221,0.316892624841029,4.85292478274792,-10.0110019263264,-0.762005850152955,-2.91634968193929,-5.62613042803598,10.9402622063885,12.1367180871176,4.08127950683006,13.5301380954813,1.8633241683242,3.63196288490943,1.21020795050331,5.28614249669593,4.8869057910663,0.531356249225662,2.12017895961236,-2.32564185743932,1.07015750780143,1.73196886408922,-6.96569273362068,0.155739827075696,5.42384747044725,6.30597998166502,12.7920763018636,6.78280144468012,8.93094556123236,3.99436070318014,7.39163501936184,-0.402087826825011,-2.04593002388402,1.7871834805539,-3.15925035977765,11.6078460370887,0.757070404425935,5.73365561956133,9.03535231338794,0.473530252324761,9.2795000937687,22.3905266589881,10.3767157189542,9.42581047804076
"97",56.264985536878,55.3860021667846,50.5417769884758,65.6465827553194,51.9743900677566,50.0695406262422,49.7414472140415,54.4694319733005,5.76591639361769,6.7268955459333,-5.52921814234997,2.70111442190263,10.5482376654748,10.0055406646276,1.62507716860026,9.00557427882698,3.69622547085411,-2.08928122099688,-3.54900101570045,6.30783917087148,3.42411929030126,2.2059129518021,5.01372269618138,2.97957264318549,-7.00586468480132,-1.86726196601233,-0.925515961253364,9.34316339472428,9.84244279576525,10.6585551252269,1.84641911329918,3.53925244377206,-4.17219972685113,1.71575269572613,3.64037010520115,4.06712313065631,2.46329227884377,3.98065526360281,1.49411381126036,3.1008827784778,8.25457362595312,14.3298736876472,10.0205419458358,0.463892540336167,11.1100573131174,5.85805125604675,5.03924762661618,6.55494583522291,-8.61572093272403,-0.595177862998076,3.8174932815374,1.95687584854461
"98",54.1194041493477,57.4382217702804,45.1903776735594,56.030262818227,40.0307123071786,40.0526543869119,41.0777392923909,44.7883271201762,3.31381316835603,12.5444265363096,9.29528418213808,8.57346758038759,13.1333797568158,6.51845349621392,9.04792737513096,9.11875342701192,-0.822882124866114,15.5522169856787,6.35480433142513,4.13199570510596,12.2862020558229,9.38854593387306,15.0339758703254,5.74022752746057,4.54663133084926,0.57657643131888,-1.04488741060237,10.5415014480317,-2.12122171435139,4.26486393697896,10.7506255353463,6.7380584422104,0.648451533640586,-6.54517151347848,5.8782007108693,-7.68841134178927,-3.11053065261886,6.47101795611127,-6.34909793683031,0.315607006959572,-0.32994875904072,12.2559623164624,2.09756816537774,7.19920034853663,7.58239677538498,14.9928593548812,9.77556090245956,7.78151859968267,6.54792331932186,5.57384787131298,2.01817781223978,5.92613110737566
"99",51.3258632799785,47.0092385804133,46.3562844246255,54.8553797805551,41.5780346330038,42.9016746785431,47.5649289987944,36.8388483195507,-0.823220757340652,-1.01738904254686,-1.09136197710361,8.11989108255885,1.40281050094548,-2.98737091319414,-4.51350125734485,-5.18546760495963,2.9717789842543,4.56999865955115,-0.444558317550012,6.23953242779728,7.20645288501956,7.00527416400174,4.97263842419326,0.480927565585292,1.55049167345118,6.44129147856022,6.18384257943789,7.30064894199819,13.0149655089196,17.8470135150859,6.37962991929872,9.36321633956151,3.7272717411323,-0.395441797203735,6.95466066445574,-1.2717743469948,4.68968417821227,0.925066124287072,2.11086642361191,3.46169958754583,1.69948837698719,6.40128191135595,1.9631590818904,1.92911936555769,3.99900238251886,10.3322852954813,4.29041870109489,3.43739389470637,5.72089076898951,1.48694971454529,10.5263625736612,7.28207238795537
"100",34.6336697374076,52.6735717795005,39.8236827890748,41.4319779733372,58.8734329184938,60.8634704935351,54.3806486702638,55.0981277530065,16.4359655809741,10.828835101455,17.6627634281636,17.7320495103922,-1.83421302163991,-0.312713413317209,10.9807905440388,0.76574185534452,14.4494847745694,15.811377277439,9.50703168652799,6.8497892913466,-5.44601728818851,-1.64111525161552,6.77419936614671,-1.79931020051813,4.18345725646863,-4.5095911483301,6.58046930846588,5.39757999256604,9.08706471489772,9.59895593151547,8.95041834126021,8.83817376384433,-4.46657365271915,6.55962611225734,3.65216161263675,3.0444995922871,9.23004235144234,4.11323138539007,9.30946052542784,3.93384395628047,-3.14506735322387,9.09101068070789,6.05671981133735,10.6408104097654,15.6333781345482,7.90745534385438,11.1518557954788,20.1738252032502,8.14206069079753,1.291313473975,3.89962758296683,2.06504929494396
